est_before,dens_before,treatment,est_after,pr_est_after,respondent,change_dens,,,
20,L,RRR,10,0,1,50,,COLUMNS,
20,L,RRR,20,0,1,50,,est_before,"% established prior to treatment (20%, 80%)"
20,L,RRR,30,90,1,50,,dens_before,"stem density prior to treatment (H, L)"
20,L,RRR,40,10,1,50,,treatment,"Treatment type (RRR, GRR, GPF, RPF)"
20,L,RRR,50,0,1,50,,est_after,post-treatment state bins (0-10% through 91-100%) 
20,L,RRR,60,0,1,50,,pr_est_after,% established post-treatment (elicited; points distributed between 10 10%-wide bins)
20,L,RRR,70,0,1,50,,respondent,respondent ID (1-9)
20,L,RRR,80,0,1,50,,change_dens,Probability that treatment changes stem density class
20,L,RRR,90,0,1,50,,,
20,L,RRR,100,0,1,50,,,
20,L,RRR,10,0,2,50,,,
20,L,RRR,20,0,2,50,,,
20,L,RRR,30,60,2,50,,,
20,L,RRR,40,30,2,50,,,
20,L,RRR,50,10,2,50,,,
20,L,RRR,60,0,2,50,,,
20,L,RRR,70,0,2,50,,,
20,L,RRR,80,0,2,50,,,
20,L,RRR,90,0,2,50,,,
20,L,RRR,100,0,2,50,,,
20,L,RRR,10,0,3,95,,,
20,L,RRR,20,0,3,95,,,
20,L,RRR,30,15,3,95,,,
20,L,RRR,40,60,3,95,,,
20,L,RRR,50,20,3,95,,,
20,L,RRR,60,5,3,95,,,
20,L,RRR,70,0,3,95,,,
20,L,RRR,80,0,3,95,,,
20,L,RRR,90,0,3,95,,,
20,L,RRR,100,0,3,95,,,
20,L,RRR,10,0,4,65,,,
20,L,RRR,20,0,4,65,,,
20,L,RRR,30,45,4,65,,,
20,L,RRR,40,40,4,65,,,
20,L,RRR,50,15,4,65,,,
20,L,RRR,60,0,4,65,,,
20,L,RRR,70,0,4,65,,,
20,L,RRR,80,0,4,65,,,
20,L,RRR,90,0,4,65,,,
20,L,RRR,100,0,4,65,,,
20,L,RRR,10,0,5,70,,,
20,L,RRR,20,10,5,70,,,
20,L,RRR,30,30,5,70,,,
20,L,RRR,40,50,5,70,,,
20,L,RRR,50,10,5,70,,,
20,L,RRR,60,0,5,70,,,
20,L,RRR,70,0,5,70,,,
20,L,RRR,80,0,5,70,,,
20,L,RRR,90,0,5,70,,,
20,L,RRR,100,0,5,70,,,
20,L,RRR,10,0,6,10,,,
20,L,RRR,20,60,6,10,,,
20,L,RRR,30,30,6,10,,,
20,L,RRR,40,10,6,10,,,
20,L,RRR,50,0,6,10,,,
20,L,RRR,60,0,6,10,,,
20,L,RRR,70,0,6,10,,,
20,L,RRR,80,0,6,10,,,
20,L,RRR,90,0,6,10,,,
20,L,RRR,100,0,6,10,,,
20,L,RRR,10,0,7,70,,,
20,L,RRR,20,0,7,70,,,
20,L,RRR,30,60,7,70,,,
20,L,RRR,40,30,7,70,,,
20,L,RRR,50,10,7,70,,,
20,L,RRR,60,0,7,70,,,
20,L,RRR,70,0,7,70,,,
20,L,RRR,80,0,7,70,,,
20,L,RRR,90,0,7,70,,,
20,L,RRR,100,0,7,70,,,
20,L,RRR,10,0,8,20,,,
20,L,RRR,20,20,8,20,,,
20,L,RRR,30,50,8,20,,,
20,L,RRR,40,30,8,20,,,
20,L,RRR,50,0,8,20,,,
20,L,RRR,60,0,8,20,,,
20,L,RRR,70,0,8,20,,,
20,L,RRR,80,0,8,20,,,
20,L,RRR,90,0,8,20,,,
20,L,RRR,100,0,8,20,,,
20,L,RRR,10,0,9,50,,,
20,L,RRR,20,50,9,50,,,
20,L,RRR,30,30,9,50,,,
20,L,RRR,40,10,9,50,,,
20,L,RRR,50,5,9,50,,,
20,L,RRR,60,5,9,50,,,
20,L,RRR,70,0,9,50,,,
20,L,RRR,80,0,9,50,,,
20,L,RRR,90,0,9,50,,,
20,L,RRR,100,0,9,50,,,
20,H,RRR,10,0,1,0,,,
20,H,RRR,20,80,1,0,,,
20,H,RRR,30,20,1,0,,,
20,H,RRR,40,0,1,0,,,
20,H,RRR,50,0,1,0,,,
20,H,RRR,60,0,1,0,,,
20,H,RRR,70,0,1,0,,,
20,H,RRR,80,0,1,0,,,
20,H,RRR,90,0,1,0,,,
20,H,RRR,100,0,1,0,,,
20,H,RRR,10,0,2,0,,,
20,H,RRR,20,0,2,0,,,
20,H,RRR,30,0,2,0,,,
20,H,RRR,40,60,2,0,,,
20,H,RRR,50,30,2,0,,,
20,H,RRR,60,10,2,0,,,
20,H,RRR,70,0,2,0,,,
20,H,RRR,80,0,2,0,,,
20,H,RRR,90,0,2,0,,,
20,H,RRR,100,0,2,0,,,
20,H,RRR,10,0,3,0,,,
20,H,RRR,20,0,3,0,,,
20,H,RRR,30,30,3,0,,,
20,H,RRR,40,70,3,0,,,
20,H,RRR,50,0,3,0,,,
20,H,RRR,60,0,3,0,,,
20,H,RRR,70,0,3,0,,,
20,H,RRR,80,0,3,0,,,
20,H,RRR,90,0,3,0,,,
20,H,RRR,100,0,3,0,,,
20,H,RRR,10,0,4,0,,,
20,H,RRR,20,0,4,0,,,
20,H,RRR,30,35,4,0,,,
20,H,RRR,40,50,4,0,,,
20,H,RRR,50,15,4,0,,,
20,H,RRR,60,0,4,0,,,
20,H,RRR,70,0,4,0,,,
20,H,RRR,80,0,4,0,,,
20,H,RRR,90,0,4,0,,,
20,H,RRR,100,0,4,0,,,
20,H,RRR,10,0,5,10,,,
20,H,RRR,20,10,5,10,,,
20,H,RRR,30,20,5,10,,,
20,H,RRR,40,50,5,10,,,
20,H,RRR,50,20,5,10,,,
20,H,RRR,60,0,5,10,,,
20,H,RRR,70,0,5,10,,,
20,H,RRR,80,0,5,10,,,
20,H,RRR,90,0,5,10,,,
20,H,RRR,100,0,5,10,,,
20,H,RRR,10,0,6,0,,,
20,H,RRR,20,0,6,0,,,
20,H,RRR,30,50,6,0,,,
20,H,RRR,40,40,6,0,,,
20,H,RRR,50,10,6,0,,,
20,H,RRR,60,0,6,0,,,
20,H,RRR,70,0,6,0,,,
20,H,RRR,80,0,6,0,,,
20,H,RRR,90,0,6,0,,,
20,H,RRR,100,0,6,0,,,
20,H,RRR,10,0,7,0,,,
20,H,RRR,20,0,7,0,,,
20,H,RRR,30,0,7,0,,,
20,H,RRR,40,0,7,0,,,
20,H,RRR,50,20,7,0,,,
20,H,RRR,60,40,7,0,,,
20,H,RRR,70,40,7,0,,,
20,H,RRR,80,0,7,0,,,
20,H,RRR,90,0,7,0,,,
20,H,RRR,100,0,7,0,,,
20,H,RRR,10,0,8,0,,,
20,H,RRR,20,0,8,0,,,
20,H,RRR,30,20,8,0,,,
20,H,RRR,40,50,8,0,,,
20,H,RRR,50,30,8,0,,,
20,H,RRR,60,0,8,0,,,
20,H,RRR,70,0,8,0,,,
20,H,RRR,80,0,8,0,,,
20,H,RRR,90,0,8,0,,,
20,H,RRR,100,0,8,0,,,
20,H,RRR,10,0,9,10,,,
20,H,RRR,20,40,9,10,,,
20,H,RRR,30,50,9,10,,,
20,H,RRR,40,10,9,10,,,
20,H,RRR,50,0,9,10,,,
20,H,RRR,60,0,9,10,,,
20,H,RRR,70,0,9,10,,,
20,H,RRR,80,0,9,10,,,
20,H,RRR,90,0,9,10,,,
20,H,RRR,100,0,9,10,,,
80,L,RRR,10,0,1,60,,,
80,L,RRR,20,0,1,60,,,
80,L,RRR,30,0,1,60,,,
80,L,RRR,40,0,1,60,,,
80,L,RRR,50,0,1,60,,,
80,L,RRR,60,0,1,60,,,
80,L,RRR,70,0,1,60,,,
80,L,RRR,80,5,1,60,,,
80,L,RRR,90,95,1,60,,,
80,L,RRR,100,0,1,60,,,
80,L,RRR,10,0,2,50,,,
80,L,RRR,20,0,2,50,,,
80,L,RRR,30,0,2,50,,,
80,L,RRR,40,0,2,50,,,
80,L,RRR,50,0,2,50,,,
80,L,RRR,60,0,2,50,,,
80,L,RRR,70,0,2,50,,,
80,L,RRR,80,0,2,50,,,
80,L,RRR,90,50,2,50,,,
80,L,RRR,100,50,2,50,,,
80,L,RRR,10,0,3,100,,,
80,L,RRR,20,0,3,100,,,
80,L,RRR,30,0,3,100,,,
80,L,RRR,40,0,3,100,,,
80,L,RRR,50,0,3,100,,,
80,L,RRR,60,0,3,100,,,
80,L,RRR,70,0,3,100,,,
80,L,RRR,80,0,3,100,,,
80,L,RRR,90,10,3,100,,,
80,L,RRR,100,90,3,100,,,
80,L,RRR,10,0,4,75,,,
80,L,RRR,20,0,4,75,,,
80,L,RRR,30,0,4,75,,,
80,L,RRR,40,0,4,75,,,
80,L,RRR,50,0,4,75,,,
80,L,RRR,60,0,4,75,,,
80,L,RRR,70,0,4,75,,,
80,L,RRR,80,0,4,75,,,
80,L,RRR,90,90,4,75,,,
80,L,RRR,100,10,4,75,,,
80,L,RRR,10,0,5,80,,,
80,L,RRR,20,0,5,80,,,
80,L,RRR,30,0,5,80,,,
80,L,RRR,40,0,5,80,,,
80,L,RRR,50,0,5,80,,,
80,L,RRR,60,0,5,80,,,
80,L,RRR,70,0,5,80,,,
80,L,RRR,80,20,5,80,,,
80,L,RRR,90,50,5,80,,,
80,L,RRR,100,30,5,80,,,
80,L,RRR,10,0,6,20,,,
80,L,RRR,20,0,6,20,,,
80,L,RRR,30,0,6,20,,,
80,L,RRR,40,0,6,20,,,
80,L,RRR,50,0,6,20,,,
80,L,RRR,60,0,6,20,,,
80,L,RRR,70,0,6,20,,,
80,L,RRR,80,10,6,20,,,
80,L,RRR,90,80,6,20,,,
80,L,RRR,100,10,6,20,,,
80,L,RRR,10,0,7,90,,,
80,L,RRR,20,0,7,90,,,
80,L,RRR,30,0,7,90,,,
80,L,RRR,40,0,7,90,,,
80,L,RRR,50,0,7,90,,,
80,L,RRR,60,0,7,90,,,
80,L,RRR,70,0,7,90,,,
80,L,RRR,80,0,7,90,,,
80,L,RRR,90,70,7,90,,,
80,L,RRR,100,30,7,90,,,
80,L,RRR,10,0,8,90,,,
80,L,RRR,20,0,8,90,,,
80,L,RRR,30,0,8,90,,,
80,L,RRR,40,0,8,90,,,
80,L,RRR,50,0,8,90,,,
80,L,RRR,60,0,8,90,,,
80,L,RRR,70,0,8,90,,,
80,L,RRR,80,0,8,90,,,
80,L,RRR,90,50,8,90,,,
80,L,RRR,100,50,8,90,,,
80,L,RRR,10,0,9,30,,,
80,L,RRR,20,0,9,30,,,
80,L,RRR,30,0,9,30,,,
80,L,RRR,40,0,9,30,,,
80,L,RRR,50,0,9,30,,,
80,L,RRR,60,0,9,30,,,
80,L,RRR,70,0,9,30,,,
80,L,RRR,80,10,9,30,,,
80,L,RRR,90,70,9,30,,,
80,L,RRR,100,20,9,30,,,
80,H,RRR,10,0,1,0,,,
80,H,RRR,20,0,1,0,,,
80,H,RRR,30,0,1,0,,,
80,H,RRR,40,0,1,0,,,
80,H,RRR,50,0,1,0,,,
80,H,RRR,60,0,1,0,,,
80,H,RRR,70,0,1,0,,,
80,H,RRR,80,5,1,0,,,
80,H,RRR,90,95,1,0,,,
80,H,RRR,100,0,1,0,,,
80,H,RRR,10,0,2,0,,,
80,H,RRR,20,0,2,0,,,
80,H,RRR,30,0,2,0,,,
80,H,RRR,40,0,2,0,,,
80,H,RRR,50,0,2,0,,,
80,H,RRR,60,0,2,0,,,
80,H,RRR,70,0,2,0,,,
80,H,RRR,80,0,2,0,,,
80,H,RRR,90,30,2,0,,,
80,H,RRR,100,70,2,0,,,
80,H,RRR,10,0,3,0,,,
80,H,RRR,20,0,3,0,,,
80,H,RRR,30,0,3,0,,,
80,H,RRR,40,0,3,0,,,
80,H,RRR,50,0,3,0,,,
80,H,RRR,60,0,3,0,,,
80,H,RRR,70,0,3,0,,,
80,H,RRR,80,0,3,0,,,
80,H,RRR,90,0,3,0,,,
80,H,RRR,100,100,3,0,,,
80,H,RRR,10,0,4,0,,,
80,H,RRR,20,0,4,0,,,
80,H,RRR,30,0,4,0,,,
80,H,RRR,40,0,4,0,,,
80,H,RRR,50,0,4,0,,,
80,H,RRR,60,0,4,0,,,
80,H,RRR,70,0,4,0,,,
80,H,RRR,80,0,4,0,,,
80,H,RRR,90,75,4,0,,,
80,H,RRR,100,25,4,0,,,
80,H,RRR,10,0,5,10,,,
80,H,RRR,20,0,5,10,,,
80,H,RRR,30,0,5,10,,,
80,H,RRR,40,0,5,10,,,
80,H,RRR,50,0,5,10,,,
80,H,RRR,60,0,5,10,,,
80,H,RRR,70,0,5,10,,,
80,H,RRR,80,20,5,10,,,
80,H,RRR,90,40,5,10,,,
80,H,RRR,100,40,5,10,,,
80,H,RRR,10,0,6,0,,,
80,H,RRR,20,0,6,0,,,
80,H,RRR,30,0,6,0,,,
80,H,RRR,40,0,6,0,,,
80,H,RRR,50,0,6,0,,,
80,H,RRR,60,0,6,0,,,
80,H,RRR,70,0,6,0,,,
80,H,RRR,80,0,6,0,,,
80,H,RRR,90,10,6,0,,,
80,H,RRR,100,90,6,0,,,
80,H,RRR,10,0,7,0,,,
80,H,RRR,20,0,7,0,,,
80,H,RRR,30,0,7,0,,,
80,H,RRR,40,0,7,0,,,
80,H,RRR,50,0,7,0,,,
80,H,RRR,60,0,7,0,,,
80,H,RRR,70,0,7,0,,,
80,H,RRR,80,0,7,0,,,
80,H,RRR,90,90,7,0,,,
80,H,RRR,100,10,7,0,,,
80,H,RRR,10,0,8,0,,,
80,H,RRR,20,0,8,0,,,
80,H,RRR,30,0,8,0,,,
80,H,RRR,40,0,8,0,,,
80,H,RRR,50,0,8,0,,,
80,H,RRR,60,0,8,0,,,
80,H,RRR,70,0,8,0,,,
80,H,RRR,80,0,8,0,,,
80,H,RRR,90,30,8,0,,,
80,H,RRR,100,70,8,0,,,
80,H,RRR,10,0,9,5,,,
80,H,RRR,20,0,9,5,,,
80,H,RRR,30,0,9,5,,,
80,H,RRR,40,0,9,5,,,
80,H,RRR,50,0,9,5,,,
80,H,RRR,60,0,9,5,,,
80,H,RRR,70,0,9,5,,,
80,H,RRR,80,2,9,5,,,
80,H,RRR,90,83,9,5,,,
80,H,RRR,100,15,9,5,,,
20,L,GRR,10,80,1,0,,,
20,L,GRR,20,20,1,0,,,
20,L,GRR,30,0,1,0,,,
20,L,GRR,40,0,1,0,,,
20,L,GRR,50,0,1,0,,,
20,L,GRR,60,0,1,0,,,
20,L,GRR,70,0,1,0,,,
20,L,GRR,80,0,1,0,,,
20,L,GRR,90,0,1,0,,,
20,L,GRR,100,0,1,0,,,
20,L,GRR,10,70,2,0,,,
20,L,GRR,20,30,2,0,,,
20,L,GRR,30,0,2,0,,,
20,L,GRR,40,0,2,0,,,
20,L,GRR,50,0,2,0,,,
20,L,GRR,60,0,2,0,,,
20,L,GRR,70,0,2,0,,,
20,L,GRR,80,0,2,0,,,
20,L,GRR,90,0,2,0,,,
20,L,GRR,100,0,2,0,,,
20,L,GRR,10,95,3,0,,,
20,L,GRR,20,5,3,0,,,
20,L,GRR,30,0,3,0,,,
20,L,GRR,40,0,3,0,,,
20,L,GRR,50,0,3,0,,,
20,L,GRR,60,0,3,0,,,
20,L,GRR,70,0,3,0,,,
20,L,GRR,80,0,3,0,,,
20,L,GRR,90,0,3,0,,,
20,L,GRR,100,0,3,0,,,
20,L,GRR,10,70,4,5,,,
20,L,GRR,20,30,4,5,,,
20,L,GRR,30,0,4,5,,,
20,L,GRR,40,0,4,5,,,
20,L,GRR,50,0,4,5,,,
20,L,GRR,60,0,4,5,,,
20,L,GRR,70,0,4,5,,,
20,L,GRR,80,0,4,5,,,
20,L,GRR,90,0,4,5,,,
20,L,GRR,100,0,4,5,,,
20,L,GRR,10,50,5,30,,,
20,L,GRR,20,40,5,30,,,
20,L,GRR,30,10,5,30,,,
20,L,GRR,40,0,5,30,,,
20,L,GRR,50,0,5,30,,,
20,L,GRR,60,0,5,30,,,
20,L,GRR,70,0,5,30,,,
20,L,GRR,80,0,5,30,,,
20,L,GRR,90,0,5,30,,,
20,L,GRR,100,0,5,30,,,
20,L,GRR,10,90,6,0,,,
20,L,GRR,20,10,6,0,,,
20,L,GRR,30,0,6,0,,,
20,L,GRR,40,0,6,0,,,
20,L,GRR,50,0,6,0,,,
20,L,GRR,60,0,6,0,,,
20,L,GRR,70,0,6,0,,,
20,L,GRR,80,0,6,0,,,
20,L,GRR,90,0,6,0,,,
20,L,GRR,100,0,6,0,,,
20,L,GRR,10,50,7,10,,,
20,L,GRR,20,50,7,10,,,
20,L,GRR,30,0,7,10,,,
20,L,GRR,40,0,7,10,,,
20,L,GRR,50,0,7,10,,,
20,L,GRR,60,0,7,10,,,
20,L,GRR,70,0,7,10,,,
20,L,GRR,80,0,7,10,,,
20,L,GRR,90,0,7,10,,,
20,L,GRR,100,0,7,10,,,
20,L,GRR,10,30,8,10,,,
20,L,GRR,20,50,8,10,,,
20,L,GRR,30,20,8,10,,,
20,L,GRR,40,0,8,10,,,
20,L,GRR,50,0,8,10,,,
20,L,GRR,60,0,8,10,,,
20,L,GRR,70,0,8,10,,,
20,L,GRR,80,0,8,10,,,
20,L,GRR,90,0,8,10,,,
20,L,GRR,100,0,8,10,,,
20,L,GRR,10,60,9,25,,,
20,L,GRR,20,25,9,25,,,
20,L,GRR,30,15,9,25,,,
20,L,GRR,40,0,9,25,,,
20,L,GRR,50,0,9,25,,,
20,L,GRR,60,0,9,25,,,
20,L,GRR,70,0,9,25,,,
20,L,GRR,80,0,9,25,,,
20,L,GRR,90,0,9,25,,,
20,L,GRR,100,0,9,25,,,
20,H,GRR,10,95,1,95,,,
20,H,GRR,20,5,1,95,,,
20,H,GRR,30,0,1,95,,,
20,H,GRR,40,0,1,95,,,
20,H,GRR,50,0,1,95,,,
20,H,GRR,60,0,1,95,,,
20,H,GRR,70,0,1,95,,,
20,H,GRR,80,0,1,95,,,
20,H,GRR,90,0,1,95,,,
20,H,GRR,100,0,1,95,,,
20,H,GRR,10,80,2,90,,,
20,H,GRR,20,20,2,90,,,
20,H,GRR,30,0,2,90,,,
20,H,GRR,40,0,2,90,,,
20,H,GRR,50,0,2,90,,,
20,H,GRR,60,0,2,90,,,
20,H,GRR,70,0,2,90,,,
20,H,GRR,80,0,2,90,,,
20,H,GRR,90,0,2,90,,,
20,H,GRR,100,0,2,90,,,
20,H,GRR,10,95,3,95,,,
20,H,GRR,20,5,3,95,,,
20,H,GRR,30,0,3,95,,,
20,H,GRR,40,0,3,95,,,
20,H,GRR,50,0,3,95,,,
20,H,GRR,60,0,3,95,,,
20,H,GRR,70,0,3,95,,,
20,H,GRR,80,0,3,95,,,
20,H,GRR,90,0,3,95,,,
20,H,GRR,100,0,3,95,,,
20,H,GRR,10,65,4,65,,,
20,H,GRR,20,35,4,65,,,
20,H,GRR,30,0,4,65,,,
20,H,GRR,40,0,4,65,,,
20,H,GRR,50,0,4,65,,,
20,H,GRR,60,0,4,65,,,
20,H,GRR,70,0,4,65,,,
20,H,GRR,80,0,4,65,,,
20,H,GRR,90,0,4,65,,,
20,H,GRR,100,0,4,65,,,
20,H,GRR,10,40,5,50,,,
20,H,GRR,20,50,5,50,,,
20,H,GRR,30,10,5,50,,,
20,H,GRR,40,0,5,50,,,
20,H,GRR,50,0,5,50,,,
20,H,GRR,60,0,5,50,,,
20,H,GRR,70,0,5,50,,,
20,H,GRR,80,0,5,50,,,
20,H,GRR,90,0,5,50,,,
20,H,GRR,100,0,5,50,,,
20,H,GRR,10,90,6,90,,,
20,H,GRR,20,10,6,90,,,
20,H,GRR,30,0,6,90,,,
20,H,GRR,40,0,6,90,,,
20,H,GRR,50,0,6,90,,,
20,H,GRR,60,0,6,90,,,
20,H,GRR,70,0,6,90,,,
20,H,GRR,80,0,6,90,,,
20,H,GRR,90,0,6,90,,,
20,H,GRR,100,0,6,90,,,
20,H,GRR,10,30,7,70,,,
20,H,GRR,20,60,7,70,,,
20,H,GRR,30,10,7,70,,,
20,H,GRR,40,0,7,70,,,
20,H,GRR,50,0,7,70,,,
20,H,GRR,60,0,7,70,,,
20,H,GRR,70,0,7,70,,,
20,H,GRR,80,0,7,70,,,
20,H,GRR,90,0,7,70,,,
20,H,GRR,100,0,7,70,,,
20,H,GRR,10,0,8,50,,,
20,H,GRR,20,30,8,50,,,
20,H,GRR,30,50,8,50,,,
20,H,GRR,40,20,8,50,,,
20,H,GRR,50,0,8,50,,,
20,H,GRR,60,0,8,50,,,
20,H,GRR,70,0,8,50,,,
20,H,GRR,80,0,8,50,,,
20,H,GRR,90,0,8,50,,,
20,H,GRR,100,0,8,50,,,
20,H,GRR,10,45,9,60,,,
20,H,GRR,20,40,9,60,,,
20,H,GRR,30,15,9,60,,,
20,H,GRR,40,0,9,60,,,
20,H,GRR,50,0,9,60,,,
20,H,GRR,60,0,9,60,,,
20,H,GRR,70,0,9,60,,,
20,H,GRR,80,0,9,60,,,
20,H,GRR,90,0,9,60,,,
20,H,GRR,100,0,9,60,,,
80,L,GRR,10,0,1,0,,,
80,L,GRR,20,3,1,0,,,
80,L,GRR,30,7,1,0,,,
80,L,GRR,40,10,1,0,,,
80,L,GRR,50,50,1,0,,,
80,L,GRR,60,20,1,0,,,
80,L,GRR,70,10,1,0,,,
80,L,GRR,80,0,1,0,,,
80,L,GRR,90,0,1,0,,,
80,L,GRR,100,0,1,0,,,
80,L,GRR,10,70,2,0,,,
80,L,GRR,20,30,2,0,,,
80,L,GRR,30,0,2,0,,,
80,L,GRR,40,0,2,0,,,
80,L,GRR,50,0,2,0,,,
80,L,GRR,60,0,2,0,,,
80,L,GRR,70,0,2,0,,,
80,L,GRR,80,0,2,0,,,
80,L,GRR,90,0,2,0,,,
80,L,GRR,100,0,2,0,,,
80,L,GRR,10,95,3,5,,,
80,L,GRR,20,5,3,5,,,
80,L,GRR,30,0,3,5,,,
80,L,GRR,40,0,3,5,,,
80,L,GRR,50,0,3,5,,,
80,L,GRR,60,0,3,5,,,
80,L,GRR,70,0,3,5,,,
80,L,GRR,80,0,3,5,,,
80,L,GRR,90,0,3,5,,,
80,L,GRR,100,0,3,5,,,
80,L,GRR,10,70,4,5,,,
80,L,GRR,20,30,4,5,,,
80,L,GRR,30,0,4,5,,,
80,L,GRR,40,0,4,5,,,
80,L,GRR,50,0,4,5,,,
80,L,GRR,60,0,4,5,,,
80,L,GRR,70,0,4,5,,,
80,L,GRR,80,0,4,5,,,
80,L,GRR,90,0,4,5,,,
80,L,GRR,100,0,4,5,,,
80,L,GRR,10,50,5,30,,,
80,L,GRR,20,40,5,30,,,
80,L,GRR,30,10,5,30,,,
80,L,GRR,40,0,5,30,,,
80,L,GRR,50,0,5,30,,,
80,L,GRR,60,0,5,30,,,
80,L,GRR,70,0,5,30,,,
80,L,GRR,80,0,5,30,,,
80,L,GRR,90,0,5,30,,,
80,L,GRR,100,0,5,30,,,
80,L,GRR,10,90,6,0,,,
80,L,GRR,20,10,6,0,,,
80,L,GRR,30,0,6,0,,,
80,L,GRR,40,0,6,0,,,
80,L,GRR,50,0,6,0,,,
80,L,GRR,60,0,6,0,,,
80,L,GRR,70,0,6,0,,,
80,L,GRR,80,0,6,0,,,
80,L,GRR,90,0,6,0,,,
80,L,GRR,100,0,6,0,,,
80,L,GRR,10,50,7,20,,,
80,L,GRR,20,50,7,20,,,
80,L,GRR,30,0,7,20,,,
80,L,GRR,40,0,7,20,,,
80,L,GRR,50,0,7,20,,,
80,L,GRR,60,0,7,20,,,
80,L,GRR,70,0,7,20,,,
80,L,GRR,80,0,7,20,,,
80,L,GRR,90,0,7,20,,,
80,L,GRR,100,0,7,20,,,
80,L,GRR,10,30,8,20,,,
80,L,GRR,20,50,8,20,,,
80,L,GRR,30,20,8,20,,,
80,L,GRR,40,0,8,20,,,
80,L,GRR,50,0,8,20,,,
80,L,GRR,60,0,8,20,,,
80,L,GRR,70,0,8,20,,,
80,L,GRR,80,0,8,20,,,
80,L,GRR,90,0,8,20,,,
80,L,GRR,100,0,8,20,,,
80,L,GRR,10,60,9,20,,,
80,L,GRR,20,25,9,20,,,
80,L,GRR,30,15,9,20,,,
80,L,GRR,40,0,9,20,,,
80,L,GRR,50,0,9,20,,,
80,L,GRR,60,0,9,20,,,
80,L,GRR,70,0,9,20,,,
80,L,GRR,80,0,9,20,,,
80,L,GRR,90,0,9,20,,,
80,L,GRR,100,0,9,20,,,
80,H,GRR,10,0,1,95,,,
80,H,GRR,20,4,1,95,,,
80,H,GRR,30,10,1,95,,,
80,H,GRR,40,19,1,95,,,
80,H,GRR,50,50,1,95,,,
80,H,GRR,60,10,1,95,,,
80,H,GRR,70,7,1,95,,,
80,H,GRR,80,0,1,95,,,
80,H,GRR,90,0,1,95,,,
80,H,GRR,100,0,1,95,,,
80,H,GRR,10,30,2,80,,,
80,H,GRR,20,60,2,80,,,
80,H,GRR,30,10,2,80,,,
80,H,GRR,40,0,2,80,,,
80,H,GRR,50,0,2,80,,,
80,H,GRR,60,0,2,80,,,
80,H,GRR,70,0,2,80,,,
80,H,GRR,80,0,2,80,,,
80,H,GRR,90,0,2,80,,,
80,H,GRR,100,0,2,80,,,
80,H,GRR,10,85,3,90,,,
80,H,GRR,20,15,3,90,,,
80,H,GRR,30,0,3,90,,,
80,H,GRR,40,0,3,90,,,
80,H,GRR,50,0,3,90,,,
80,H,GRR,60,0,3,90,,,
80,H,GRR,70,0,3,90,,,
80,H,GRR,80,0,3,90,,,
80,H,GRR,90,0,3,90,,,
80,H,GRR,100,0,3,90,,,
80,H,GRR,10,5,4,55,,,
80,H,GRR,20,25,4,55,,,
80,H,GRR,30,35,4,55,,,
80,H,GRR,40,20,4,55,,,
80,H,GRR,50,10,4,55,,,
80,H,GRR,60,5,4,55,,,
80,H,GRR,70,0,4,55,,,
80,H,GRR,80,0,4,55,,,
80,H,GRR,90,0,4,55,,,
80,H,GRR,100,0,4,55,,,
80,H,GRR,10,0,5,50,,,
80,H,GRR,20,10,5,50,,,
80,H,GRR,30,20,5,50,,,
80,H,GRR,40,30,5,50,,,
80,H,GRR,50,30,5,50,,,
80,H,GRR,60,10,5,50,,,
80,H,GRR,70,0,5,50,,,
80,H,GRR,80,0,5,50,,,
80,H,GRR,90,0,5,50,,,
80,H,GRR,100,0,5,50,,,
80,H,GRR,10,0,6,90,,,
80,H,GRR,20,0,6,90,,,
80,H,GRR,30,0,6,90,,,
80,H,GRR,40,0,6,90,,,
80,H,GRR,50,0,6,90,,,
80,H,GRR,60,10,6,90,,,
80,H,GRR,70,10,6,90,,,
80,H,GRR,80,80,6,90,,,
80,H,GRR,90,0,6,90,,,
80,H,GRR,100,0,6,90,,,
80,H,GRR,10,0,7,60,,,
80,H,GRR,20,0,7,60,,,
80,H,GRR,30,10,7,60,,,
80,H,GRR,40,10,7,60,,,
80,H,GRR,50,10,7,60,,,
80,H,GRR,60,70,7,60,,,
80,H,GRR,70,0,7,60,,,
80,H,GRR,80,0,7,60,,,
80,H,GRR,90,0,7,60,,,
80,H,GRR,100,0,7,60,,,
80,H,GRR,10,0,8,20,,,
80,H,GRR,20,0,8,20,,,
80,H,GRR,30,0,8,20,,,
80,H,GRR,40,0,8,20,,,
80,H,GRR,50,0,8,20,,,
80,H,GRR,60,10,8,20,,,
80,H,GRR,70,40,8,20,,,
80,H,GRR,80,40,8,20,,,
80,H,GRR,90,10,8,20,,,
80,H,GRR,100,0,8,20,,,
80,H,GRR,10,2,9,60,,,
80,H,GRR,20,60,9,60,,,
80,H,GRR,30,38,9,60,,,
80,H,GRR,40,0,9,60,,,
80,H,GRR,50,0,9,60,,,
80,H,GRR,60,0,9,60,,,
80,H,GRR,70,0,9,60,,,
80,H,GRR,80,0,9,60,,,
80,H,GRR,90,0,9,60,,,
80,H,GRR,100,0,9,60,,,
20,L,GPF,10,85,1,0,,,
20,L,GPF,20,15,1,0,,,
20,L,GPF,30,0,1,0,,,
20,L,GPF,40,0,1,0,,,
20,L,GPF,50,0,1,0,,,
20,L,GPF,60,0,1,0,,,
20,L,GPF,70,0,1,0,,,
20,L,GPF,80,0,1,0,,,
20,L,GPF,90,0,1,0,,,
20,L,GPF,100,0,1,0,,,
20,L,GPF,10,60,2,0,,,
20,L,GPF,20,40,2,0,,,
20,L,GPF,30,0,2,0,,,
20,L,GPF,40,0,2,0,,,
20,L,GPF,50,0,2,0,,,
20,L,GPF,60,0,2,0,,,
20,L,GPF,70,0,2,0,,,
20,L,GPF,80,0,2,0,,,
20,L,GPF,90,0,2,0,,,
20,L,GPF,100,0,2,0,,,
20,L,GPF,10,100,3,0,,,
20,L,GPF,20,0,3,0,,,
20,L,GPF,30,0,3,0,,,
20,L,GPF,40,0,3,0,,,
20,L,GPF,50,0,3,0,,,
20,L,GPF,60,0,3,0,,,
20,L,GPF,70,0,3,0,,,
20,L,GPF,80,0,3,0,,,
20,L,GPF,90,0,3,0,,,
20,L,GPF,100,0,3,0,,,
20,L,GPF,10,90,4,5,,,
20,L,GPF,20,10,4,5,,,
20,L,GPF,30,0,4,5,,,
20,L,GPF,40,0,4,5,,,
20,L,GPF,50,0,4,5,,,
20,L,GPF,60,0,4,5,,,
20,L,GPF,70,0,4,5,,,
20,L,GPF,80,0,4,5,,,
20,L,GPF,90,0,4,5,,,
20,L,GPF,100,0,4,5,,,
20,L,GPF,10,60,5,20,,,
20,L,GPF,20,30,5,20,,,
20,L,GPF,30,10,5,20,,,
20,L,GPF,40,0,5,20,,,
20,L,GPF,50,0,5,20,,,
20,L,GPF,60,0,5,20,,,
20,L,GPF,70,0,5,20,,,
20,L,GPF,80,0,5,20,,,
20,L,GPF,90,0,5,20,,,
20,L,GPF,100,0,5,20,,,
20,L,GPF,10,90,6,0,,,
20,L,GPF,20,10,6,0,,,
20,L,GPF,30,0,6,0,,,
20,L,GPF,40,0,6,0,,,
20,L,GPF,50,0,6,0,,,
20,L,GPF,60,0,6,0,,,
20,L,GPF,70,0,6,0,,,
20,L,GPF,80,0,6,0,,,
20,L,GPF,90,0,6,0,,,
20,L,GPF,100,0,6,0,,,
20,L,GPF,10,60,7,10,,,
20,L,GPF,20,30,7,10,,,
20,L,GPF,30,10,7,10,,,
20,L,GPF,40,0,7,10,,,
20,L,GPF,50,0,7,10,,,
20,L,GPF,60,0,7,10,,,
20,L,GPF,70,0,7,10,,,
20,L,GPF,80,0,7,10,,,
20,L,GPF,90,0,7,10,,,
20,L,GPF,100,0,7,10,,,
20,L,GPF,10,55,8,15,,,
20,L,GPF,20,35,8,15,,,
20,L,GPF,30,10,8,15,,,
20,L,GPF,40,0,8,15,,,
20,L,GPF,50,0,8,15,,,
20,L,GPF,60,0,8,15,,,
20,L,GPF,70,0,8,15,,,
20,L,GPF,80,0,8,15,,,
20,L,GPF,90,0,8,15,,,
20,L,GPF,100,0,8,15,,,
20,L,GPF,10,0,9,0,,,
20,L,GPF,20,0,9,0,,,
20,L,GPF,30,0,9,0,,,
20,L,GPF,40,0,9,0,,,
20,L,GPF,50,0,9,0,,,
20,L,GPF,60,0,9,0,,,
20,L,GPF,70,0,9,0,,,
20,L,GPF,80,0,9,0,,,
20,L,GPF,90,0,9,0,,,
20,L,GPF,100,0,9,0,,,
20,H,GPF,10,97,1,97,,,
20,H,GPF,20,3,1,97,,,
20,H,GPF,30,0,1,97,,,
20,H,GPF,40,0,1,97,,,
20,H,GPF,50,0,1,97,,,
20,H,GPF,60,0,1,97,,,
20,H,GPF,70,0,1,97,,,
20,H,GPF,80,0,1,97,,,
20,H,GPF,90,0,1,97,,,
20,H,GPF,100,0,1,97,,,
20,H,GPF,10,70,2,80,,,
20,H,GPF,20,30,2,80,,,
20,H,GPF,30,0,2,80,,,
20,H,GPF,40,0,2,80,,,
20,H,GPF,50,0,2,80,,,
20,H,GPF,60,0,2,80,,,
20,H,GPF,70,0,2,80,,,
20,H,GPF,80,0,2,80,,,
20,H,GPF,90,0,2,80,,,
20,H,GPF,100,0,2,80,,,
20,H,GPF,10,100,3,100,,,
20,H,GPF,20,0,3,100,,,
20,H,GPF,30,0,3,100,,,
20,H,GPF,40,0,3,100,,,
20,H,GPF,50,0,3,100,,,
20,H,GPF,60,0,3,100,,,
20,H,GPF,70,0,3,100,,,
20,H,GPF,80,0,3,100,,,
20,H,GPF,90,0,3,100,,,
20,H,GPF,100,0,3,100,,,
20,H,GPF,10,85,4,75,,,
20,H,GPF,20,15,4,75,,,
20,H,GPF,30,0,4,75,,,
20,H,GPF,40,0,4,75,,,
20,H,GPF,50,0,4,75,,,
20,H,GPF,60,0,4,75,,,
20,H,GPF,70,0,4,75,,,
20,H,GPF,80,0,4,75,,,
20,H,GPF,90,0,4,75,,,
20,H,GPF,100,0,4,75,,,
20,H,GPF,10,50,5,60,,,
20,H,GPF,20,40,5,60,,,
20,H,GPF,30,10,5,60,,,
20,H,GPF,40,0,5,60,,,
20,H,GPF,50,0,5,60,,,
20,H,GPF,60,0,5,60,,,
20,H,GPF,70,0,5,60,,,
20,H,GPF,80,0,5,60,,,
20,H,GPF,90,0,5,60,,,
20,H,GPF,100,0,5,60,,,
20,H,GPF,10,80,6,100,,,
20,H,GPF,20,20,6,100,,,
20,H,GPF,30,0,6,100,,,
20,H,GPF,40,0,6,100,,,
20,H,GPF,50,0,6,100,,,
20,H,GPF,60,0,6,100,,,
20,H,GPF,70,0,6,100,,,
20,H,GPF,80,0,6,100,,,
20,H,GPF,90,0,6,100,,,
20,H,GPF,100,0,6,100,,,
20,H,GPF,10,50,7,50,,,
20,H,GPF,20,40,7,50,,,
20,H,GPF,30,10,7,50,,,
20,H,GPF,40,0,7,50,,,
20,H,GPF,50,0,7,50,,,
20,H,GPF,60,0,7,50,,,
20,H,GPF,70,0,7,50,,,
20,H,GPF,80,0,7,50,,,
20,H,GPF,90,0,7,50,,,
20,H,GPF,100,0,7,50,,,
20,H,GPF,10,30,8,70,,,
20,H,GPF,20,40,8,70,,,
20,H,GPF,30,20,8,70,,,
20,H,GPF,40,10,8,70,,,
20,H,GPF,50,0,8,70,,,
20,H,GPF,60,0,8,70,,,
20,H,GPF,70,0,8,70,,,
20,H,GPF,80,0,8,70,,,
20,H,GPF,90,0,8,70,,,
20,H,GPF,100,0,8,70,,,
20,H,GPF,10,0,9,0,,,
20,H,GPF,20,0,9,0,,,
20,H,GPF,30,0,9,0,,,
20,H,GPF,40,0,9,0,,,
20,H,GPF,50,0,9,0,,,
20,H,GPF,60,0,9,0,,,
20,H,GPF,70,0,9,0,,,
20,H,GPF,80,0,9,0,,,
20,H,GPF,90,0,9,0,,,
20,H,GPF,100,0,9,0,,,
80,L,GPF,10,0,1,0,,,
80,L,GPF,20,5,1,0,,,
80,L,GPF,30,10,1,0,,,
80,L,GPF,40,15,1,0,,,
80,L,GPF,50,45,1,0,,,
80,L,GPF,60,15,1,0,,,
80,L,GPF,70,10,1,0,,,
80,L,GPF,80,0,1,0,,,
80,L,GPF,90,0,1,0,,,
80,L,GPF,100,0,1,0,,,
80,L,GPF,10,0,2,0,,,
80,L,GPF,20,10,2,0,,,
80,L,GPF,30,20,2,0,,,
80,L,GPF,40,20,2,0,,,
80,L,GPF,50,50,2,0,,,
80,L,GPF,60,0,2,0,,,
80,L,GPF,70,0,2,0,,,
80,L,GPF,80,0,2,0,,,
80,L,GPF,90,0,2,0,,,
80,L,GPF,100,0,2,0,,,
80,L,GPF,10,90,3,0,,,
80,L,GPF,20,10,3,0,,,
80,L,GPF,30,0,3,0,,,
80,L,GPF,40,0,3,0,,,
80,L,GPF,50,0,3,0,,,
80,L,GPF,60,0,3,0,,,
80,L,GPF,70,0,3,0,,,
80,L,GPF,80,0,3,0,,,
80,L,GPF,90,0,3,0,,,
80,L,GPF,100,0,3,0,,,
80,L,GPF,10,25,4,5,,,
80,L,GPF,20,50,4,5,,,
80,L,GPF,30,20,4,5,,,
80,L,GPF,40,5,4,5,,,
80,L,GPF,50,0,4,5,,,
80,L,GPF,60,0,4,5,,,
80,L,GPF,70,0,4,5,,,
80,L,GPF,80,0,4,5,,,
80,L,GPF,90,0,4,5,,,
80,L,GPF,100,0,4,5,,,
80,L,GPF,10,10,5,20,,,
80,L,GPF,20,20,5,20,,,
80,L,GPF,30,40,5,20,,,
80,L,GPF,40,20,5,20,,,
80,L,GPF,50,10,5,20,,,
80,L,GPF,60,0,5,20,,,
80,L,GPF,70,0,5,20,,,
80,L,GPF,80,0,5,20,,,
80,L,GPF,90,0,5,20,,,
80,L,GPF,100,0,5,20,,,
80,L,GPF,10,20,6,0,,,
80,L,GPF,20,80,6,0,,,
80,L,GPF,30,0,6,0,,,
80,L,GPF,40,0,6,0,,,
80,L,GPF,50,0,6,0,,,
80,L,GPF,60,0,6,0,,,
80,L,GPF,70,0,6,0,,,
80,L,GPF,80,0,6,0,,,
80,L,GPF,90,0,6,0,,,
80,L,GPF,100,0,6,0,,,
80,L,GPF,10,0,7,20,,,
80,L,GPF,20,0,7,20,,,
80,L,GPF,30,10,7,20,,,
80,L,GPF,40,40,7,20,,,
80,L,GPF,50,40,7,20,,,
80,L,GPF,60,10,7,20,,,
80,L,GPF,70,0,7,20,,,
80,L,GPF,80,0,7,20,,,
80,L,GPF,90,0,7,20,,,
80,L,GPF,100,0,7,20,,,
80,L,GPF,10,10,8,10,,,
80,L,GPF,20,80,8,10,,,
80,L,GPF,30,10,8,10,,,
80,L,GPF,40,0,8,10,,,
80,L,GPF,50,0,8,10,,,
80,L,GPF,60,0,8,10,,,
80,L,GPF,70,0,8,10,,,
80,L,GPF,80,0,8,10,,,
80,L,GPF,90,0,8,10,,,
80,L,GPF,100,0,8,10,,,
80,L,GPF,10,0,9,0,,,
80,L,GPF,20,0,9,0,,,
80,L,GPF,30,0,9,0,,,
80,L,GPF,40,0,9,0,,,
80,L,GPF,50,0,9,0,,,
80,L,GPF,60,0,9,0,,,
80,L,GPF,70,0,9,0,,,
80,L,GPF,80,0,9,0,,,
80,L,GPF,90,0,9,0,,,
80,L,GPF,100,0,9,0,,,
80,H,GPF,10,0,1,97,,,
80,H,GPF,20,7,1,97,,,
80,H,GPF,30,15,1,97,,,
80,H,GPF,40,21,1,97,,,
80,H,GPF,50,40,1,97,,,
80,H,GPF,60,10,1,97,,,
80,H,GPF,70,7,1,97,,,
80,H,GPF,80,0,1,97,,,
80,H,GPF,90,0,1,97,,,
80,H,GPF,100,0,1,97,,,
80,H,GPF,10,20,2,70,,,
80,H,GPF,20,50,2,70,,,
80,H,GPF,30,30,2,70,,,
80,H,GPF,40,0,2,70,,,
80,H,GPF,50,0,2,70,,,
80,H,GPF,60,0,2,70,,,
80,H,GPF,70,0,2,70,,,
80,H,GPF,80,0,2,70,,,
80,H,GPF,90,0,2,70,,,
80,H,GPF,100,0,2,70,,,
80,H,GPF,10,90,3,95,,,
80,H,GPF,20,10,3,95,,,
80,H,GPF,30,0,3,95,,,
80,H,GPF,40,0,3,95,,,
80,H,GPF,50,0,3,95,,,
80,H,GPF,60,0,3,95,,,
80,H,GPF,70,0,3,95,,,
80,H,GPF,80,0,3,95,,,
80,H,GPF,90,0,3,95,,,
80,H,GPF,100,0,3,95,,,
80,H,GPF,10,10,4,65,,,
80,H,GPF,20,40,4,65,,,
80,H,GPF,30,35,4,65,,,
80,H,GPF,40,10,4,65,,,
80,H,GPF,50,5,4,65,,,
80,H,GPF,60,0,4,65,,,
80,H,GPF,70,0,4,65,,,
80,H,GPF,80,0,4,65,,,
80,H,GPF,90,0,4,65,,,
80,H,GPF,100,0,4,65,,,
80,H,GPF,10,0,5,60,,,
80,H,GPF,20,10,5,60,,,
80,H,GPF,30,20,5,60,,,
80,H,GPF,40,40,5,60,,,
80,H,GPF,50,20,5,60,,,
80,H,GPF,60,10,5,60,,,
80,H,GPF,70,0,5,60,,,
80,H,GPF,80,0,5,60,,,
80,H,GPF,90,0,5,60,,,
80,H,GPF,100,0,5,60,,,
80,H,GPF,10,10,6,100,,,
80,H,GPF,20,90,6,100,,,
80,H,GPF,30,0,6,100,,,
80,H,GPF,40,0,6,100,,,
80,H,GPF,50,0,6,100,,,
80,H,GPF,60,0,6,100,,,
80,H,GPF,70,0,6,100,,,
80,H,GPF,80,0,6,100,,,
80,H,GPF,90,0,6,100,,,
80,H,GPF,100,0,6,100,,,
80,H,GPF,10,0,7,0,,,
80,H,GPF,20,0,7,0,,,
80,H,GPF,30,0,7,0,,,
80,H,GPF,40,10,7,0,,,
80,H,GPF,50,40,7,0,,,
80,H,GPF,60,40,7,0,,,
80,H,GPF,70,10,7,0,,,
80,H,GPF,80,0,7,0,,,
80,H,GPF,90,0,7,0,,,
80,H,GPF,100,0,7,0,,,
80,H,GPF,10,70,8,70,,,
80,H,GPF,20,25,8,70,,,
80,H,GPF,30,5,8,70,,,
80,H,GPF,40,0,8,70,,,
80,H,GPF,50,0,8,70,,,
80,H,GPF,60,0,8,70,,,
80,H,GPF,70,0,8,70,,,
80,H,GPF,80,0,8,70,,,
80,H,GPF,90,0,8,70,,,
80,H,GPF,100,0,8,70,,,
80,H,GPF,10,0,9,0,,,
80,H,GPF,20,0,9,0,,,
80,H,GPF,30,0,9,0,,,
80,H,GPF,40,0,9,0,,,
80,H,GPF,50,0,9,0,,,
80,H,GPF,60,0,9,0,,,
80,H,GPF,70,0,9,0,,,
80,H,GPF,80,0,9,0,,,
80,H,GPF,90,0,9,0,,,
80,H,GPF,100,0,9,0,,,
20,L,RPF,10,5,1,5,,,
20,L,RPF,20,95,1,5,,,
20,L,RPF,30,0,1,5,,,
20,L,RPF,40,0,1,5,,,
20,L,RPF,50,0,1,5,,,
20,L,RPF,60,0,1,5,,,
20,L,RPF,70,0,1,5,,,
20,L,RPF,80,0,1,5,,,
20,L,RPF,90,0,1,5,,,
20,L,RPF,100,0,1,5,,,
20,L,RPF,10,20,2,10,,,
20,L,RPF,20,70,2,10,,,
20,L,RPF,30,10,2,10,,,
20,L,RPF,40,0,2,10,,,
20,L,RPF,50,0,2,10,,,
20,L,RPF,60,0,2,10,,,
20,L,RPF,70,0,2,10,,,
20,L,RPF,80,0,2,10,,,
20,L,RPF,90,0,2,10,,,
20,L,RPF,100,0,2,10,,,
20,L,RPF,10,20,3,40,,,
20,L,RPF,20,50,3,40,,,
20,L,RPF,30,30,3,40,,,
20,L,RPF,40,0,3,40,,,
20,L,RPF,50,0,3,40,,,
20,L,RPF,60,0,3,40,,,
20,L,RPF,70,0,3,40,,,
20,L,RPF,80,0,3,40,,,
20,L,RPF,90,0,3,40,,,
20,L,RPF,100,0,3,40,,,
20,L,RPF,10,60,4,10,,,
20,L,RPF,20,40,4,10,,,
20,L,RPF,30,0,4,10,,,
20,L,RPF,40,0,4,10,,,
20,L,RPF,50,0,4,10,,,
20,L,RPF,60,0,4,10,,,
20,L,RPF,70,0,4,10,,,
20,L,RPF,80,0,4,10,,,
20,L,RPF,90,0,4,10,,,
20,L,RPF,100,0,4,10,,,
20,L,RPF,10,0,5,50,,,
20,L,RPF,20,20,5,50,,,
20,L,RPF,30,60,5,50,,,
20,L,RPF,40,20,5,50,,,
20,L,RPF,50,0,5,50,,,
20,L,RPF,60,0,5,50,,,
20,L,RPF,70,0,5,50,,,
20,L,RPF,80,0,5,50,,,
20,L,RPF,90,0,5,50,,,
20,L,RPF,100,0,5,50,,,
20,L,RPF,10,0,6,20,,,
20,L,RPF,20,70,6,20,,,
20,L,RPF,30,30,6,20,,,
20,L,RPF,40,0,6,20,,,
20,L,RPF,50,0,6,20,,,
20,L,RPF,60,0,6,20,,,
20,L,RPF,70,0,6,20,,,
20,L,RPF,80,0,6,20,,,
20,L,RPF,90,0,6,20,,,
20,L,RPF,100,0,6,20,,,
20,L,RPF,10,45,7,30,,,
20,L,RPF,20,40,7,30,,,
20,L,RPF,30,15,7,30,,,
20,L,RPF,40,0,7,30,,,
20,L,RPF,50,0,7,30,,,
20,L,RPF,60,0,7,30,,,
20,L,RPF,70,0,7,30,,,
20,L,RPF,80,0,7,30,,,
20,L,RPF,90,0,7,30,,,
20,L,RPF,100,0,7,30,,,
20,L,RPF,10,0,8,0,,,
20,L,RPF,20,0,8,0,,,
20,L,RPF,30,0,8,0,,,
20,L,RPF,40,0,8,0,,,
20,L,RPF,50,0,8,0,,,
20,L,RPF,60,0,8,0,,,
20,L,RPF,70,0,8,0,,,
20,L,RPF,80,0,8,0,,,
20,L,RPF,90,0,8,0,,,
20,L,RPF,100,0,8,0,,,
20,L,RPF,10,0,9,0,,,
20,L,RPF,20,0,9,0,,,
20,L,RPF,30,0,9,0,,,
20,L,RPF,40,0,9,0,,,
20,L,RPF,50,0,9,0,,,
20,L,RPF,60,0,9,0,,,
20,L,RPF,70,0,9,0,,,
20,L,RPF,80,0,9,0,,,
20,L,RPF,90,0,9,0,,,
20,L,RPF,100,0,9,0,,,
20,H,RPF,10,7,1,7,,,
20,H,RPF,20,93,1,7,,,
20,H,RPF,30,0,1,7,,,
20,H,RPF,40,0,1,7,,,
20,H,RPF,50,0,1,7,,,
20,H,RPF,60,0,1,7,,,
20,H,RPF,70,0,1,7,,,
20,H,RPF,80,0,1,7,,,
20,H,RPF,90,0,1,7,,,
20,H,RPF,100,0,1,7,,,
20,H,RPF,10,20,2,30,,,
20,H,RPF,20,60,2,30,,,
20,H,RPF,30,20,2,30,,,
20,H,RPF,40,0,2,30,,,
20,H,RPF,50,0,2,30,,,
20,H,RPF,60,0,2,30,,,
20,H,RPF,70,0,2,30,,,
20,H,RPF,80,0,2,30,,,
20,H,RPF,90,0,2,30,,,
20,H,RPF,100,0,2,30,,,
20,H,RPF,10,0,3,30,,,
20,H,RPF,20,40,3,30,,,
20,H,RPF,30,60,3,30,,,
20,H,RPF,40,0,3,30,,,
20,H,RPF,50,0,3,30,,,
20,H,RPF,60,0,3,30,,,
20,H,RPF,70,0,3,30,,,
20,H,RPF,80,0,3,30,,,
20,H,RPF,90,0,3,30,,,
20,H,RPF,100,0,3,30,,,
20,H,RPF,10,50,4,50,,,
20,H,RPF,20,50,4,50,,,
20,H,RPF,30,0,4,50,,,
20,H,RPF,40,0,4,50,,,
20,H,RPF,50,0,4,50,,,
20,H,RPF,60,0,4,50,,,
20,H,RPF,70,0,4,50,,,
20,H,RPF,80,0,4,50,,,
20,H,RPF,90,0,4,50,,,
20,H,RPF,100,0,4,50,,,
20,H,RPF,10,0,5,40,,,
20,H,RPF,20,0,5,40,,,
20,H,RPF,30,30,5,40,,,
20,H,RPF,40,40,5,40,,,
20,H,RPF,50,30,5,40,,,
20,H,RPF,60,0,5,40,,,
20,H,RPF,70,0,5,40,,,
20,H,RPF,80,0,5,40,,,
20,H,RPF,90,0,5,40,,,
20,H,RPF,100,0,5,40,,,
20,H,RPF,10,0,6,30,,,
20,H,RPF,20,70,6,30,,,
20,H,RPF,30,30,6,30,,,
20,H,RPF,40,0,6,30,,,
20,H,RPF,50,0,6,30,,,
20,H,RPF,60,0,6,30,,,
20,H,RPF,70,0,6,30,,,
20,H,RPF,80,0,6,30,,,
20,H,RPF,90,0,6,30,,,
20,H,RPF,100,0,6,30,,,
20,H,RPF,10,10,7,50,,,
20,H,RPF,20,60,7,50,,,
20,H,RPF,30,30,7,50,,,
20,H,RPF,40,0,7,50,,,
20,H,RPF,50,0,7,50,,,
20,H,RPF,60,0,7,50,,,
20,H,RPF,70,0,7,50,,,
20,H,RPF,80,0,7,50,,,
20,H,RPF,90,0,7,50,,,
20,H,RPF,100,0,7,50,,,
20,H,RPF,10,0,8,0,,,
20,H,RPF,20,0,8,0,,,
20,H,RPF,30,0,8,0,,,
20,H,RPF,40,0,8,0,,,
20,H,RPF,50,0,8,0,,,
20,H,RPF,60,0,8,0,,,
20,H,RPF,70,0,8,0,,,
20,H,RPF,80,0,8,0,,,
20,H,RPF,90,0,8,0,,,
20,H,RPF,100,0,8,0,,,
20,H,RPF,10,0,9,0,,,
20,H,RPF,20,0,9,0,,,
20,H,RPF,30,0,9,0,,,
20,H,RPF,40,0,9,0,,,
20,H,RPF,50,0,9,0,,,
20,H,RPF,60,0,9,0,,,
20,H,RPF,70,0,9,0,,,
20,H,RPF,80,0,9,0,,,
20,H,RPF,90,0,9,0,,,
20,H,RPF,100,0,9,0,,,
80,L,RPF,10,0,1,10,,,
80,L,RPF,20,0,1,10,,,
80,L,RPF,30,0,1,10,,,
80,L,RPF,40,0,1,10,,,
80,L,RPF,50,0,1,10,,,
80,L,RPF,60,0,1,10,,,
80,L,RPF,70,0,1,10,,,
80,L,RPF,80,93,1,10,,,
80,L,RPF,90,7,1,10,,,
80,L,RPF,100,0,1,10,,,
80,L,RPF,10,0,2,10,,,
80,L,RPF,20,0,2,10,,,
80,L,RPF,30,0,2,10,,,
80,L,RPF,40,30,2,10,,,
80,L,RPF,50,30,2,10,,,
80,L,RPF,60,20,2,10,,,
80,L,RPF,70,10,2,10,,,
80,L,RPF,80,10,2,10,,,
80,L,RPF,90,0,2,10,,,
80,L,RPF,100,0,2,10,,,
80,L,RPF,10,0,3,50,,,
80,L,RPF,20,0,3,50,,,
80,L,RPF,30,0,3,50,,,
80,L,RPF,40,0,3,50,,,
80,L,RPF,50,0,3,50,,,
80,L,RPF,60,0,3,50,,,
80,L,RPF,70,10,3,50,,,
80,L,RPF,80,30,3,50,,,
80,L,RPF,90,60,3,50,,,
80,L,RPF,100,0,3,50,,,
80,L,RPF,10,0,4,15,,,
80,L,RPF,20,10,4,15,,,
80,L,RPF,30,30,4,15,,,
80,L,RPF,40,35,4,15,,,
80,L,RPF,50,20,4,15,,,
80,L,RPF,60,5,4,15,,,
80,L,RPF,70,0,4,15,,,
80,L,RPF,80,0,4,15,,,
80,L,RPF,90,0,4,15,,,
80,L,RPF,100,0,4,15,,,
80,L,RPF,10,0,5,50,,,
80,L,RPF,20,0,5,50,,,
80,L,RPF,30,0,5,50,,,
80,L,RPF,40,0,5,50,,,
80,L,RPF,50,20,5,50,,,
80,L,RPF,60,30,5,50,,,
80,L,RPF,70,50,5,50,,,
80,L,RPF,80,0,5,50,,,
80,L,RPF,90,0,5,50,,,
80,L,RPF,100,0,5,50,,,
80,L,RPF,10,0,6,20,,,
80,L,RPF,20,0,6,20,,,
80,L,RPF,30,0,6,20,,,
80,L,RPF,40,0,6,20,,,
80,L,RPF,50,0,6,20,,,
80,L,RPF,60,0,6,20,,,
80,L,RPF,70,0,6,20,,,
80,L,RPF,80,30,6,20,,,
80,L,RPF,90,70,6,20,,,
80,L,RPF,100,0,6,20,,,
80,L,RPF,10,0,7,10,,,
80,L,RPF,20,0,7,10,,,
80,L,RPF,30,20,7,10,,,
80,L,RPF,40,60,7,10,,,
80,L,RPF,50,20,7,10,,,
80,L,RPF,60,0,7,10,,,
80,L,RPF,70,0,7,10,,,
80,L,RPF,80,0,7,10,,,
80,L,RPF,90,0,7,10,,,
80,L,RPF,100,0,7,10,,,
80,L,RPF,10,0,8,0,,,
80,L,RPF,20,0,8,0,,,
80,L,RPF,30,0,8,0,,,
80,L,RPF,40,0,8,0,,,
80,L,RPF,50,0,8,0,,,
80,L,RPF,60,0,8,0,,,
80,L,RPF,70,0,8,0,,,
80,L,RPF,80,0,8,0,,,
80,L,RPF,90,0,8,0,,,
80,L,RPF,100,0,8,0,,,
80,L,RPF,10,0,9,0,,,
80,L,RPF,20,0,9,0,,,
80,L,RPF,30,0,9,0,,,
80,L,RPF,40,0,9,0,,,
80,L,RPF,50,0,9,0,,,
80,L,RPF,60,0,9,0,,,
80,L,RPF,70,0,9,0,,,
80,L,RPF,80,0,9,0,,,
80,L,RPF,90,0,9,0,,,
80,L,RPF,100,0,9,0,,,
80,H,RPF,10,0,1,7,,,
80,H,RPF,20,0,1,7,,,
80,H,RPF,30,0,1,7,,,
80,H,RPF,40,0,1,7,,,
80,H,RPF,50,0,1,7,,,
80,H,RPF,60,0,1,7,,,
80,H,RPF,70,0,1,7,,,
80,H,RPF,80,95,1,7,,,
80,H,RPF,90,5,1,7,,,
80,H,RPF,100,0,1,7,,,
80,H,RPF,10,0,2,50,,,
80,H,RPF,20,0,2,50,,,
80,H,RPF,30,0,2,50,,,
80,H,RPF,40,0,2,50,,,
80,H,RPF,50,20,2,50,,,
80,H,RPF,60,30,2,50,,,
80,H,RPF,70,20,2,50,,,
80,H,RPF,80,20,2,50,,,
80,H,RPF,90,10,2,50,,,
80,H,RPF,100,0,2,50,,,
80,H,RPF,10,0,3,50,,,
80,H,RPF,20,0,3,50,,,
80,H,RPF,30,0,3,50,,,
80,H,RPF,40,0,3,50,,,
80,H,RPF,50,0,3,50,,,
80,H,RPF,60,0,3,50,,,
80,H,RPF,70,0,3,50,,,
80,H,RPF,80,30,3,50,,,
80,H,RPF,90,70,3,50,,,
80,H,RPF,100,0,3,50,,,
80,H,RPF,10,0,4,50,,,
80,H,RPF,20,10,4,50,,,
80,H,RPF,30,25,4,50,,,
80,H,RPF,40,35,4,50,,,
80,H,RPF,50,20,4,50,,,
80,H,RPF,60,5,4,50,,,
80,H,RPF,70,5,4,50,,,
80,H,RPF,80,0,4,50,,,
80,H,RPF,90,0,4,50,,,
80,H,RPF,100,0,4,50,,,
80,H,RPF,10,0,5,40,,,
80,H,RPF,20,0,5,40,,,
80,H,RPF,30,0,5,40,,,
80,H,RPF,40,0,5,40,,,
80,H,RPF,50,20,5,40,,,
80,H,RPF,60,40,5,40,,,
80,H,RPF,70,40,5,40,,,
80,H,RPF,80,0,5,40,,,
80,H,RPF,90,0,5,40,,,
80,H,RPF,100,0,5,40,,,
80,H,RPF,10,0,6,20,,,
80,H,RPF,20,0,6,20,,,
80,H,RPF,30,0,6,20,,,
80,H,RPF,40,0,6,20,,,
80,H,RPF,50,0,6,20,,,
80,H,RPF,60,0,6,20,,,
80,H,RPF,70,0,6,20,,,
80,H,RPF,80,30,6,20,,,
80,H,RPF,90,70,6,20,,,
80,H,RPF,100,0,6,20,,,
80,H,RPF,10,0,7,50,,,
80,H,RPF,20,15,7,50,,,
80,H,RPF,30,70,7,50,,,
80,H,RPF,40,15,7,50,,,
80,H,RPF,50,0,7,50,,,
80,H,RPF,60,0,7,50,,,
80,H,RPF,70,0,7,50,,,
80,H,RPF,80,0,7,50,,,
80,H,RPF,90,0,7,50,,,
80,H,RPF,100,0,7,50,,,
80,H,RPF,10,0,8,0,,,
80,H,RPF,20,0,8,0,,,
80,H,RPF,30,0,8,0,,,
80,H,RPF,40,0,8,0,,,
80,H,RPF,50,0,8,0,,,
80,H,RPF,60,0,8,0,,,
80,H,RPF,70,0,8,0,,,
80,H,RPF,80,0,8,0,,,
80,H,RPF,90,0,8,0,,,
80,H,RPF,100,0,8,0,,,
80,H,RPF,10,0,9,0,,,
80,H,RPF,20,0,9,0,,,
80,H,RPF,30,0,9,0,,,
80,H,RPF,40,0,9,0,,,
80,H,RPF,50,0,9,0,,,
80,H,RPF,60,0,9,0,,,
80,H,RPF,70,0,9,0,,,
80,H,RPF,80,0,9,0,,,
80,H,RPF,90,0,9,0,,,
80,H,RPF,100,0,9,0,,,
