"mnt_comb","state_begin","state_end","trans_prob","concentration"
"CRC",1,1,0.998777795,0.998777795
"CRC",1,2,0.001222205,0.001222205
"CRC",1,3,0,0
"CRC",1,4,0,0
"CRC",1,5,0,0
"CRC",1,6,0,0
"CRC",2,1,0.996140389,0.996140389
"CRC",2,2,0.003859611,0.003859611
"CRC",2,3,0,0
"CRC",2,4,0,0
"CRC",2,5,0,0
"CRC",2,6,0,0
"CRC",3,1,0.998833844,0.998833844
"CRC",3,2,0.001166156,0.001166156
"CRC",3,3,0,0
"CRC",3,4,0,0
"CRC",3,5,0,0
"CRC",3,6,0,0
"CRC",4,1,0.995995868,0.995995868
"CRC",4,2,0.004004132,0.004004132
"CRC",4,3,0,0
"CRC",4,4,0,0
"CRC",4,5,0,0
"CRC",4,6,0,0
"CRC",5,1,0.843354474,0.843354474
"CRC",5,2,0.000925526,0.000925526
"CRC",5,3,0.155549295,0.155549295
"CRC",5,4,0.000170705,0.000170705
"CRC",5,5,0,0
"CRC",5,6,0,0
"CRC",6,1,0.990785522166667,0.990785522166667
"CRC",6,2,0.00416449016666668,0.00416449016666668
"CRC",6,3,0.00502886916666668,0.00502886916666668
"CRC",6,4,2.11061666666773e-05,2.11061666666773e-05
"CRC",6,5,6.16666667729859e-09,6.16666667729859e-09
"CRC",6,6,6.16666667729859e-09,6.16666667729859e-09
"G+BR",1,1,0.969626684,0.969626684
"G+BR",1,2,0.030373316,0.030373316
"G+BR",1,3,0,0
"G+BR",1,4,0,0
"G+BR",1,5,0,0
"G+BR",1,6,0,0
"G+BR",2,1,0.88678166,0.88678166
"G+BR",2,2,0.11321834,0.11321834
"G+BR",2,3,0,0
"G+BR",2,4,0,0
"G+BR",2,5,0,0
"G+BR",2,6,0,0
"G+BR",3,1,0.670383625,0.670383625
"G+BR",3,2,0.021051375,0.021051375
"G+BR",3,3,0.299170455,0.299170455
"G+BR",3,4,0.009394545,0.009394545
"G+BR",3,5,0,0
"G+BR",3,6,0,0
"G+BR",4,1,0.557078043,0.557078043
"G+BR",4,2,0.071469457,0.071469457
"G+BR",4,3,0.32921622,0.32921622
"G+BR",4,4,0.04223628,0.04223628
"G+BR",4,5,0,0
"G+BR",4,6,0,0
"G+BR",5,1,1.93972499999575e-06,1.93972499999575e-06
"G+BR",5,2,6.08249999957501e-08,6.08249999957501e-08
"G+BR",5,3,0.969461271725,0.969461271725
"G+BR",5,4,0.030536727725,0.030536727725
"G+BR",5,5,1.85037170770859e-17,1.85037170770859e-17
"G+BR",5,6,1.85037170770859e-17,1.85037170770859e-17
"G+BR",6,1,0,0
"G+BR",6,2,0,0
"G+BR",6,3,0.885683051,0.885683051
"G+BR",6,4,0.114316949,0.114316949
"G+BR",6,5,0,0
"G+BR",6,6,0,0
"G+FF",1,1,0.983992001,0.983992001
"G+FF",1,2,0.016007999,0.016007999
"G+FF",1,3,0,0
"G+FF",1,4,0,0
"G+FF",1,5,0,0
"G+FF",1,6,0,0
"G+FF",2,1,0.95016782,0.95016782
"G+FF",2,2,0.04983218,0.04983218
"G+FF",2,3,0,0
"G+FF",2,4,0,0
"G+FF",2,5,0,0
"G+FF",2,6,0,0
"G+FF",3,1,0.968376531,0.968376531
"G+FF",3,2,0.015750969,0.015750969
"G+FF",3,3,0.015618461,0.015618461
"G+FF",3,4,0.000254039,0.000254039
"G+FF",3,5,0,0
"G+FF",3,6,0,0
"G+FF",4,1,0.932714013,0.932714013
"G+FF",4,2,0.049230987,0.049230987
"G+FF",4,3,0.017149791,0.017149791
"G+FF",4,4,0.000905209,0.000905209
"G+FF",4,5,0,0
"G+FF",4,6,0,0
"G+FF",5,1,0.069621846,0.069621846
"G+FF",5,2,0.001132154,0.001132154
"G+FF",5,3,0.914376884,0.914376884
"G+FF",5,4,0.014869116,0.014869116
"G+FF",5,5,0,0
"G+FF",5,6,0,0
"G+FF",6,1,0.077897426,0.077897426
"G+FF",6,2,0.004144574,0.004144574
"G+FF",6,3,0.871584863,0.871584863
"G+FF",6,4,0.046373137,0.046373137
"G+FF",6,5,0,0
"G+FF",6,6,0,0
"G+LR",1,1,0.971833801,0.971833801
"G+LR",1,2,0.028166199,0.028166199
"G+LR",1,3,0,0
"G+LR",1,4,0,0
"G+LR",1,5,0,0
"G+LR",1,6,0,0
"G+LR",2,1,0.897549044,0.897549044
"G+LR",2,2,0.102450956,0.102450956
"G+LR",2,3,0,0
"G+LR",2,4,0,0
"G+LR",2,5,0,0
"G+LR",2,6,0,0
"G+LR",3,1,0.714375279,0.714375279
"G+LR",3,2,0.020749721,0.020749721
"G+LR",3,3,0.257398608,0.257398608
"G+LR",3,4,0.007476392,0.007476392
"G+LR",3,5,0,0
"G+LR",3,6,0,0
"G+LR",4,1,0.608807927,0.608807927
"G+LR",4,2,0.069839573,0.069839573
"G+LR",4,3,0.288282134,0.288282134
"G+LR",4,4,0.033070366,0.033070366
"G+LR",4,5,0,0
"G+LR",4,6,0,0
"G+LR",5,1,1.36006666666663e-05,1.36006666666663e-05
"G+LR",5,2,3.96666666666316e-07,3.96666666666316e-07
"G+LR",5,3,0.971685310666667,0.971685310666667
"G+LR",5,4,0.0283006906666667,0.0283006906666667
"G+LR",5,5,6.66666666315763e-10,6.66666666315763e-10
"G+LR",5,6,6.66666666315763e-10,6.66666666315763e-10
"G+LR",6,1,7.17033333334241e-06,7.17033333334241e-06
"G+LR",6,2,8.2833333334241e-07,8.2833333334241e-07
"G+LR",6,3,0.896507243333333,0.896507243333333
"G+LR",6,4,0.103484757333333,0.103484757333333
"G+LR",6,5,3.3333334240974e-10,3.3333334240974e-10
"G+LR",6,6,3.3333334240974e-10,3.3333334240974e-10
"G+PF",1,1,0.991201459,0.991201459
"G+PF",1,2,0.008798541,0.008798541
"G+PF",1,3,0,0
"G+PF",1,4,0,0
"G+PF",1,5,0,0
"G+PF",1,6,0,0
"G+PF",2,1,0.9753453,0.9753453
"G+PF",2,2,0.0246547,0.0246547
"G+PF",2,3,0,0
"G+PF",2,4,0,0
"G+PF",2,5,0,0
"G+PF",2,6,0,0
"G+PF",3,1,0.99123017305,0.99123017305
"G+PF",3,2,0.00876482505,0.00876482505
"G+PF",3,3,4.95904999999541e-06,4.95904999999541e-06
"G+PF",3,4,4.28499999954115e-08,4.28499999954115e-08
"G+PF",3,5,1.85037170770859e-17,1.85037170770859e-17
"G+PF",3,6,1.85037170770859e-17,1.85037170770859e-17
"G+PF",4,1,0.975125919,0.975125919
"G+PF",4,2,0.024874081,0.024874081
"G+PF",4,3,0,0
"G+PF",4,4,0,0
"G+PF",4,5,0,0
"G+PF",4,6,0,0
"G+PF",5,1,0.335243995,0.335243995
"G+PF",5,2,0.002950005,0.002950005
"G+PF",5,3,0.656033186,0.656033186
"G+PF",5,4,0.005772814,0.005772814
"G+PF",5,5,0,0
"G+PF",5,6,0,0
"G+PF",6,1,0.433490682,0.433490682
"G+PF",6,2,0.011183318,0.011183318
"G+PF",6,3,0.541359842,0.541359842
"G+PF",6,4,0.013966158,0.013966158
"G+PF",6,5,0,0
"G+PF",6,6,0,0
"G+RR",1,1,0.958688201,0.958688201
"G+RR",1,2,0.041311799,0.041311799
"G+RR",1,3,0,0
"G+RR",1,4,0,0
"G+RR",1,5,0,0
"G+RR",1,6,0,0
"G+RR",2,1,0.828964327,0.828964327
"G+RR",2,2,0.171035673,0.171035673
"G+RR",2,3,0,0
"G+RR",2,4,0,0
"G+RR",2,5,0,0
"G+RR",2,6,0,0
"G+RR",3,1,0.499434598,0.499434598
"G+RR",3,2,0.021597902,0.021597902
"G+RR",3,3,0.459113281,0.459113281
"G+RR",3,4,0.019854219,0.019854219
"G+RR",3,5,0,0
"G+RR",3,6,0,0
"G+RR",4,1,0.368019881,0.368019881
"G+RR",4,2,0.076265119,0.076265119
"G+RR",4,3,0.460322018,0.460322018
"G+RR",4,4,0.095392982,0.095392982
"G+RR",4,5,0,0
"G+RR",4,6,0,0
"G+RR",5,1,0,0
"G+RR",5,2,0,0
"G+RR",5,3,0.958372116,0.958372116
"G+RR",5,4,0.041627884,0.041627884
"G+RR",5,5,0,0
"G+RR",5,6,0,0
"G+RR",6,1,0,0
"G+RR",6,2,0,0
"G+RR",6,3,0.827561793,0.827561793
"G+RR",6,4,0.172438207,0.172438207
"G+RR",6,5,0,0
"G+RR",6,6,0,0
"GBR",1,1,0.949990699,0.949990699
"GBR",1,2,0.050009301,0.050009301
"GBR",1,3,0,0
"GBR",1,4,0,0
"GBR",1,5,0,0
"GBR",1,6,0,0
"GBR",2,1,0.803917972,0.803917972
"GBR",2,2,0.196082028,0.196082028
"GBR",2,3,0,0
"GBR",2,4,0,0
"GBR",2,5,0,0
"GBR",2,6,0,0
"GBR",3,1,0.450882687,0.450882687
"GBR",3,2,0.023792313,0.023792313
"GBR",3,3,0.498993938,0.498993938
"GBR",3,4,0.026331062,0.026331062
"GBR",3,5,0,0
"GBR",3,6,0,0
"GBR",4,1,0.308656491,0.308656491
"GBR",4,2,0.075571009,0.075571009
"GBR",4,3,0.494660531,0.494660531
"GBR",4,4,0.121111969,0.121111969
"GBR",4,5,0,0
"GBR",4,6,0,0
"GBR",5,1,0,0
"GBR",5,2,0,0
"GBR",5,3,0.9497262245,0.9497262245
"GBR",5,4,0.0502657745,0.0502657745
"GBR",5,5,7.59950000001414e-06,7.59950000001414e-06
"GBR",5,6,4.01500000014141e-07,4.01500000014141e-07
"GBR",6,1,0,0
"GBR",6,2,0,0
"GBR",6,3,0.80256259475,0.80256259475
"GBR",6,4,0.19743540275,0.19743540275
"GBR",6,5,1.6087500000076e-06,1.6087500000076e-06
"GBR",6,6,3.93750000007597e-07,3.93750000007597e-07
"GFF",1,1,0.968741913,0.968741913
"GFF",1,2,0.031258087,0.031258087
"GFF",1,3,0,0
"GFF",1,4,0,0
"GFF",1,5,0,0
"GFF",1,6,0,0
"GFF",2,1,0.898726949,0.898726949
"GFF",2,2,0.101273051,0.101273051
"GFF",2,3,0,0
"GFF",2,4,0,0
"GFF",2,5,0,0
"GFF",2,6,0,0
"GFF",3,1,0.735782256,0.735782256
"GFF",3,2,0.023750244,0.023750244
"GFF",3,3,0.232948188,0.232948188
"GFF",3,4,0.007519312,0.007519312
"GFF",3,5,0,0
"GFF",3,6,0,0
"GFF",4,1,0.631442905,0.631442905
"GFF",4,2,0.071474595,0.071474595
"GFF",4,3,0.26687433,0.26687433
"GFF",4,4,0.03020817,0.03020817
"GFF",4,5,0,0
"GFF",4,6,0,0
"GFF",5,1,0.000116246666666666,0.000116246666666666
"GFF",5,2,3.75066666666632e-06,3.75066666666632e-06
"GFF",5,3,0.968599858666667,0.968599858666667
"GFF",5,4,0.0312801426666667,0.0312801426666667
"GFF",5,5,6.66666666315763e-10,6.66666666315763e-10
"GFF",5,6,6.66666666315763e-10,6.66666666315763e-10
"GFF",6,1,6.10875000000205e-05,6.10875000000205e-05
"GFF",6,2,6.93750000002046e-06,6.93750000002046e-06
"GFF",6,3,0.8977424875,0.8977424875
"GFF",6,4,0.1021894875,0.1021894875
"GFF",6,5,0,0
"GFF",6,6,0,0
"GLR",1,1,0.95286027,0.95286027
"GLR",1,2,0.04713973,0.04713973
"GLR",1,3,0,0
"GLR",1,4,0,0
"GLR",1,5,0,0
"GLR",1,6,0,0
"GLR",2,1,0.819484663,0.819484663
"GLR",2,2,0.180515337,0.180515337
"GLR",2,3,0,0
"GLR",2,4,0,0
"GLR",2,5,0,0
"GLR",2,6,0,0
"GLR",3,1,0.483327257,0.483327257
"GLR",3,2,0.023962743,0.023962743
"GLR",3,3,0.469435969,0.469435969
"GLR",3,4,0.023274031,0.023274031
"GLR",3,5,0,0
"GLR",3,6,0,0
"GLR",4,1,0.343944404,0.343944404
"GLR",4,2,0.076058096,0.076058096
"GLR",4,3,0.474965969,0.474965969
"GLR",4,4,0.105031531,0.105031531
"GLR",4,5,0,0
"GLR",4,6,0,0
"GLR",5,1,0,0
"GLR",5,2,0,0
"GLR",5,3,0.952641762,0.952641762
"GLR",5,4,0.047358238,0.047358238
"GLR",5,5,0,0
"GLR",5,6,0,0
"GLR",6,1,0,0
"GLR",6,2,0,0
"GLR",6,3,0.818190858,0.818190858
"GLR",6,4,0.181809142,0.181809142
"GLR",6,5,0,0
"GLR",6,6,0,0
"GPF",1,1,0.978219029,0.978219029
"GPF",1,2,0.021780971,0.021780971
"GPF",1,3,0,0
"GPF",1,4,0,0
"GPF",1,5,0,0
"GPF",1,6,0,0
"GPF",2,1,0.938615283,0.938615283
"GPF",2,2,0.061384717,0.061384717
"GPF",2,3,0,0
"GPF",2,4,0,0
"GPF",2,5,0,0
"GPF",2,6,0,0
"GPF",3,1,0.940010469,0.940010469
"GPF",3,2,0.020899531,0.020899531
"GPF",3,3,0.038239803,0.038239803
"GPF",3,4,0.000850197,0.000850197
"GPF",3,5,0,0
"GPF",3,6,0,0
"GPF",4,1,0.894533885,0.894533885
"GPF",4,2,0.058813615,0.058813615
"GPF",4,3,0.043774429,0.043774429
"GPF",4,4,0.002878071,0.002878071
"GPF",4,5,0,0
"GPF",4,6,0,0
"GPF",5,1,0.036558671,0.036558671
"GPF",5,2,0.000811329,0.000811329
"GPF",5,3,0.94173063,0.94173063
"GPF",5,4,0.02089937,0.02089937
"GPF",5,5,0,0
"GPF",5,6,0,0
"GPF",6,1,0.041872647,0.041872647
"GPF",6,2,0.002771353,0.002771353
"GPF",6,3,0.896050641,0.896050641
"GPF",6,4,0.059305359,0.059305359
"GPF",6,5,0,0
"GPF",6,6,0,0
"GRG",1,1,0.981969369,0.981969369
"GRG",1,2,0.018030631,0.018030631
"GRG",1,3,0,0
"GRG",1,4,0,0
"GRG",1,5,0,0
"GRG",1,6,0,0
"GRG",2,1,0.952545623,0.952545623
"GRG",2,2,0.047454377,0.047454377
"GRG",2,3,0,0
"GRG",2,4,0,0
"GRG",2,5,0,0
"GRG",2,6,0,0
"GRG",3,1,0.976371292,0.976371292
"GRG",3,2,0.017881208,0.017881208
"GRG",3,3,0.005644134,0.005644134
"GRG",3,4,0.000103366,0.000103366
"GRG",3,5,0,0
"GRG",3,6,0,0
"GRG",4,1,0.947050069,0.947050069
"GRG",4,2,0.047459931,0.047459931
"GRG",4,3,0.005228007,0.005228007
"GRG",4,4,0.000261993,0.000261993
"GRG",4,5,0,0
"GRG",4,6,0,0
"GRG",5,1,0.118223904,0.118223904
"GRG",5,2,0.002158096,0.002158096
"GRG",5,3,0.863849034,0.863849034
"GRG",5,4,0.015768966,0.015768966
"GRG",5,5,0,0
"GRG",5,6,0,0
"GRG",6,1,0.148746719,0.148746719
"GRG",6,2,0.007509281,0.007509281
"GRG",6,3,0.803195727,0.803195727
"GRG",6,4,0.040548273,0.040548273
"GRG",6,5,0,0
"GRG",6,6,0,0
"GRR",1,1,0.935829705,0.935829705
"GRR",1,2,0.064170295,0.064170295
"GRR",1,3,0,0
"GRR",1,4,0,0
"GRR",1,5,0,0
"GRR",1,6,0,0
"GRR",2,1,0.72382059,0.72382059
"GRR",2,2,0.27617941,0.27617941
"GRR",2,3,0,0
"GRR",2,4,0,0
"GRR",2,5,0,0
"GRR",2,6,0,0
"GRR",3,1,0.320250668,0.320250668
"GRR",3,2,0.022034332,0.022034332
"GRR",3,3,0.615375105,0.615375105
"GRR",3,4,0.042339895,0.042339895
"GRR",3,5,0,0
"GRR",3,6,0,0
"GRR",4,1,0.179276978,0.179276978
"GRR",4,2,0.068648022,0.068648022
"GRR",4,3,0.543832744,0.543832744
"GRR",4,4,0.208242256,0.208242256
"GRR",4,5,0,0
"GRR",4,6,0,0
"GRR",5,1,0,0
"GRR",5,2,0,0
"GRR",5,3,0.871694029,0.871694029
"GRR",5,4,0.060229971,0.060229971
"GRR",5,5,0.063676268,0.063676268
"GRR",5,6,0.004399732,0.004399732
"GRR",6,1,0,0
"GRR",6,2,0,0
"GRR",6,3,0.670882939,0.670882939
"GRR",6,4,0.258035061,0.258035061
"GRR",6,5,0.051336825,0.051336825
"GRR",6,6,0.019745175,0.019745175
"IRR",1,1,0.960489429,0.960489429
"IRR",1,2,0.039510571,0.039510571
"IRR",1,3,0,0
"IRR",1,4,0,0
"IRR",1,5,0,0
"IRR",1,6,0,0
"IRR",2,1,0.837001728,0.837001728
"IRR",2,2,0.162998272,0.162998272
"IRR",2,3,0,0
"IRR",2,4,0,0
"IRR",2,5,0,0
"IRR",2,6,0,0
"IRR",3,1,0.518190201,0.518190201
"IRR",3,2,0.021392299,0.021392299
"IRR",3,3,0.442163778,0.442163778
"IRR",3,4,0.018253722,0.018253722
"IRR",3,5,0,0
"IRR",3,6,0,0
"IRR",4,1,0.388850541,0.388850541
"IRR",4,2,0.076064459,0.076064459
"IRR",4,3,0.44754007,0.44754007
"IRR",4,4,0.08754493,0.08754493
"IRR",4,5,0,0
"IRR",4,6,0,0
"IRR",5,1,0,0
"IRR",5,2,0,0
"IRR",5,3,0.960184321,0.960184321
"IRR",5,4,0.039815679,0.039815679
"IRR",5,5,0,0
"IRR",5,6,0,0
"IRR",6,1,0,0
"IRR",6,2,0,0
"IRR",6,3,0.835624603,0.835624603
"IRR",6,4,0.164375397,0.164375397
"IRR",6,5,0,0
"IRR",6,6,0,0
"RPF",1,1,0.31035085,0.31035085
"RPF",1,2,0.110003696,0.110003696
"RPF",1,3,0.427956498,0.427956498
"RPF",1,4,0.151688956,0.151688956
"RPF",1,5,0,0
"RPF",1,6,0,0
"RPF",2,1,0.002999385,0.002999385
"RPF",2,2,0.012191524,0.012191524
"RPF",2,3,0.194446668,0.194446668
"RPF",2,4,0.790362423,0.790362423
"RPF",2,5,0,0
"RPF",2,6,0,0
"RPF",3,1,5.54e-06,5.54e-06
"RPF",3,2,1.96e-06,1.96e-06
"RPF",3,3,0.738061761,0.738061761
"RPF",3,4,0.261930739,0.261930739
"RPF",3,5,0,0
"RPF",3,6,0,0
"RPF",4,1,5.00000004362751e-10,5.00000004362751e-10
"RPF",4,2,5.00000004362751e-10,5.00000004362751e-10
"RPF",4,3,0.1974458055,0.1974458055
"RPF",4,4,0.8025491955,0.8025491955
"RPF",4,5,9.87500000004363e-07,9.87500000004363e-07
"RPF",4,6,4.01050000000436e-06,4.01050000000436e-06
"RPF",5,1,0,0
"RPF",5,2,0,0
"RPF",5,3,0.153257827,0.153257827
"RPF",5,4,0.054474173,0.054474173
"RPF",5,5,0.584509232,0.584509232
"RPF",5,6,0.207758768,0.207758768
"RPF",6,1,0,0
"RPF",6,2,0,0
"RPF",6,3,0.029609655,0.029609655
"RPF",6,4,0.120352345,0.120352345
"RPF",6,5,0.167838062,0.167838062
"RPF",6,6,0.682199938,0.682199938
"RRR",1,1,0.010345707,0.010345707
"RRR",1,2,0.007308838,0.007308838
"RRR",1,3,0.575662423,0.575662423
"RRR",1,4,0.406683032,0.406683032
"RRR",1,5,0,0
"RRR",1,6,0,0
"RRR",2,1,0,0
"RRR",2,2,0,0
"RRR",2,3,0.033250822,0.033250822
"RRR",2,4,0.966749178,0.966749178
"RRR",2,5,0,0
"RRR",2,6,0,0
"RRR",3,1,0,0
"RRR",3,2,0,0
"RRR",3,3,0.468012232,0.468012232
"RRR",3,4,0.332092768,0.332092768
"RRR",3,5,0.116926285,0.116926285
"RRR",3,6,0.082968715,0.082968715
"RRR",4,1,0,0
"RRR",4,2,0,0
"RRR",4,3,0.022996833,0.022996833
"RRR",4,4,0.668110667,0.668110667
"RRR",4,5,0.010278501,0.010278501
"RRR",4,6,0.298613999,0.298613999
"RRR",5,1,0,0
"RRR",5,2,0,0
"RRR",5,3,0,0
"RRR",5,4,0,0
"RRR",5,5,0.583600503,0.583600503
"RRR",5,6,0.416399497,0.416399497
"RRR",6,1,0,0
"RRR",6,2,0,0
"RRR",6,3,0,0
"RRR",6,4,0,0
"RRR",6,5,0.033305988,0.033305988
"RRR",6,6,0.966694012,0.966694012
"SRS",1,1,0.939963291,0.939963291
"SRS",1,2,0.060036709,0.060036709
"SRS",1,3,0,0
"SRS",1,4,0,0
"SRS",1,5,0,0
"SRS",1,6,0,0
"SRS",2,1,0.791014675,0.791014675
"SRS",2,2,0.208985325,0.208985325
"SRS",2,3,0,0
"SRS",2,4,0,0
"SRS",2,5,0,0
"SRS",2,6,0,0
"SRS",3,1,0.428385378,0.428385378
"SRS",3,2,0.027372122,0.027372122
"SRS",3,3,0.5115561,0.5115561
"SRS",3,4,0.0326864,0.0326864
"SRS",3,5,1.85037170770859e-17,1.85037170770859e-17
"SRS",3,6,1.85037170770859e-17,1.85037170770859e-17
"SRS",4,1,0.274011993,0.274011993
"SRS",4,2,0.072613007,0.072613007
"SRS",4,3,0.516502231,0.516502231
"SRS",4,4,0.136872769,0.136872769
"SRS",4,5,0,0
"SRS",4,6,0,0
"SRS",5,1,0,0
"SRS",5,2,0,0
"SRS",5,3,0.939914205,0.939914205
"SRS",5,4,0.060085795,0.060085795
"SRS",5,5,0,0
"SRS",5,6,0,0
"SRS",6,1,0,0
"SRS",6,2,0,0
"SRS",6,3,0.789887616,0.789887616
"SRS",6,4,0.210112384,0.210112384
"SRS",6,5,0,0
"SRS",6,6,0,0
