mnt_comb,est_before,dens_before,est_after,dens_after,trans_prob,concentration
GRG,0.1,H,0.1,L,0.952545623,0.952545623
GRG,0.1,H,0.1,H,0.047454377,0.047454377
GRG,0.1,H,0.5,L,0,0
GRG,0.1,H,0.5,H,0,0
GRG,0.1,H,1,L,0,0
GRG,0.1,H,1,H,0,0
G+PF,0.1,H,0.1,L,0.9753453,0.9753453
G+PF,0.1,H,0.1,H,0.0246547,0.0246547
G+PF,0.1,H,0.5,L,0,0
G+PF,0.1,H,0.5,H,0,0
G+PF,0.1,H,1,L,0,0
G+PF,0.1,H,1,H,0,0
GPF,0.1,H,0.1,L,0.938615283,0.938615283
GPF,0.1,H,0.1,H,0.061384717,0.061384717
GPF,0.1,H,0.5,L,0,0
GPF,0.1,H,0.5,H,0,0
GPF,0.1,H,1,L,0,0
GPF,0.1,H,1,H,0,0
G+FF,0.1,H,0.1,L,0.95016782,0.95016782
G+FF,0.1,H,0.1,H,0.04983218,0.04983218
G+FF,0.1,H,0.5,L,0,0
G+FF,0.1,H,0.5,H,0,0
G+FF,0.1,H,1,L,0,0
G+FF,0.1,H,1,H,0,0
G+RR,0.1,H,0.1,L,0.828964327,0.828964327
G+RR,0.1,H,0.1,H,0.171035673,0.171035673
G+RR,0.1,H,0.5,L,0,0
G+RR,0.1,H,0.5,H,0,0
G+RR,0.1,H,1,L,0,0
G+RR,0.1,H,1,H,0,0
GFF,0.1,H,0.1,L,0.898726949,0.898726949
GFF,0.1,H,0.1,H,0.101273051,0.101273051
GFF,0.1,H,0.5,L,0,0
GFF,0.1,H,0.5,H,0,0
GFF,0.1,H,1,L,0,0
GFF,0.1,H,1,H,0,0
G+LR,0.1,H,0.1,L,0.897549044,0.897549044
G+LR,0.1,H,0.1,H,0.102450956,0.102450956
G+LR,0.1,H,0.5,L,0,0
G+LR,0.1,H,0.5,H,0,0
G+LR,0.1,H,1,L,0,0
G+LR,0.1,H,1,H,0,0
GLR,0.1,H,0.1,L,0.819484663,0.819484663
GLR,0.1,H,0.1,H,0.180515337,0.180515337
GLR,0.1,H,0.5,L,0,0
GLR,0.1,H,0.5,H,0,0
GLR,0.1,H,1,L,0,0
GLR,0.1,H,1,H,0,0
G+BR,0.1,H,0.1,L,0.88678166,0.88678166
G+BR,0.1,H,0.1,H,0.11321834,0.11321834
G+BR,0.1,H,0.5,L,0,0
G+BR,0.1,H,0.5,H,0,0
G+BR,0.1,H,1,L,0,0
G+BR,0.1,H,1,H,0,0
IRR,0.1,H,0.1,L,0.837001728,0.837001728
IRR,0.1,H,0.1,H,0.162998272,0.162998272
IRR,0.1,H,0.5,L,0,0
IRR,0.1,H,0.5,H,0,0
IRR,0.1,H,1,L,0,0
IRR,0.1,H,1,H,0,0
GBR,0.1,H,0.1,L,0.803917972,0.803917972
GBR,0.1,H,0.1,H,0.196082028,0.196082028
GBR,0.1,H,0.5,L,0,0
GBR,0.1,H,0.5,H,0,0
GBR,0.1,H,1,L,0,0
GBR,0.1,H,1,H,0,0
GRR,0.1,H,0.1,L,0.72382059,0.72382059
GRR,0.1,H,0.1,H,0.27617941,0.27617941
GRR,0.1,H,0.5,L,0,0
GRR,0.1,H,0.5,H,0,0
GRR,0.1,H,1,L,0,0
GRR,0.1,H,1,H,0,0
RPF,0.1,H,0.1,L,0.002999385,0.002999385
RPF,0.1,H,0.1,H,0.012191524,0.012191524
RPF,0.1,H,0.5,L,0.194446668,0.194446668
RPF,0.1,H,0.5,H,0.790362423,0.790362423
RPF,0.1,H,1,L,0,0
RPF,0.1,H,1,H,0,0
RRR,0.1,H,0.1,L,0,0
RRR,0.1,H,0.1,H,0,0
RRR,0.1,H,0.5,L,0.033250822,0.033250822
RRR,0.1,H,0.5,H,0.966749178,0.966749178
RRR,0.1,H,1,L,0,0
RRR,0.1,H,1,H,0,0
CRC,0.1,H,0.1,L,0.996140389,0.996140389
CRC,0.1,H,0.1,H,0.003859611,0.003859611
CRC,0.1,H,0.5,L,0,0
CRC,0.1,H,0.5,H,0,0
CRC,0.1,H,1,L,0,0
CRC,0.1,H,1,H,0,0
SRS,0.1,H,0.1,L,0.791014675,0.791014675
SRS,0.1,H,0.1,H,0.208985325,0.208985325
SRS,0.1,H,0.5,L,0,0
SRS,0.1,H,0.5,H,0,0
SRS,0.1,H,1,L,0,0
SRS,0.1,H,1,H,0,0
GRG,0.1,L,0.1,L,0.981969369,0.981969369
GRG,0.1,L,0.1,H,0.018030631,0.018030631
GRG,0.1,L,0.5,L,0,0
GRG,0.1,L,0.5,H,0,0
GRG,0.1,L,1,L,0,0
GRG,0.1,L,1,H,0,0
G+PF,0.1,L,0.1,L,0.991201459,0.991201459
G+PF,0.1,L,0.1,H,0.008798541,0.008798541
G+PF,0.1,L,0.5,L,0,0
G+PF,0.1,L,0.5,H,0,0
G+PF,0.1,L,1,L,0,0
G+PF,0.1,L,1,H,0,0
GPF,0.1,L,0.1,L,0.978219029,0.978219029
GPF,0.1,L,0.1,H,0.021780971,0.021780971
GPF,0.1,L,0.5,L,0,0
GPF,0.1,L,0.5,H,0,0
GPF,0.1,L,1,L,0,0
GPF,0.1,L,1,H,0,0
G+FF,0.1,L,0.1,L,0.983992001,0.983992001
G+FF,0.1,L,0.1,H,0.016007999,0.016007999
G+FF,0.1,L,0.5,L,0,0
G+FF,0.1,L,0.5,H,0,0
G+FF,0.1,L,1,L,0,0
G+FF,0.1,L,1,H,0,0
G+RR,0.1,L,0.1,L,0.958688201,0.958688201
G+RR,0.1,L,0.1,H,0.041311799,0.041311799
G+RR,0.1,L,0.5,L,0,0
G+RR,0.1,L,0.5,H,0,0
G+RR,0.1,L,1,L,0,0
G+RR,0.1,L,1,H,0,0
GFF,0.1,L,0.1,L,0.968741913,0.968741913
GFF,0.1,L,0.1,H,0.031258087,0.031258087
GFF,0.1,L,0.5,L,0,0
GFF,0.1,L,0.5,H,0,0
GFF,0.1,L,1,L,0,0
GFF,0.1,L,1,H,0,0
G+LR,0.1,L,0.1,L,0.971833801,0.971833801
G+LR,0.1,L,0.1,H,0.028166199,0.028166199
G+LR,0.1,L,0.5,L,0,0
G+LR,0.1,L,0.5,H,0,0
G+LR,0.1,L,1,L,0,0
G+LR,0.1,L,1,H,0,0
GLR,0.1,L,0.1,L,0.95286027,0.95286027
GLR,0.1,L,0.1,H,0.04713973,0.04713973
GLR,0.1,L,0.5,L,0,0
GLR,0.1,L,0.5,H,0,0
GLR,0.1,L,1,L,0,0
GLR,0.1,L,1,H,0,0
G+BR,0.1,L,0.1,L,0.969626684,0.969626684
G+BR,0.1,L,0.1,H,0.030373316,0.030373316
G+BR,0.1,L,0.5,L,0,0
G+BR,0.1,L,0.5,H,0,0
G+BR,0.1,L,1,L,0,0
G+BR,0.1,L,1,H,0,0
IRR,0.1,L,0.1,L,0.960489429,0.960489429
IRR,0.1,L,0.1,H,0.039510571,0.039510571
IRR,0.1,L,0.5,L,0,0
IRR,0.1,L,0.5,H,0,0
IRR,0.1,L,1,L,0,0
IRR,0.1,L,1,H,0,0
GBR,0.1,L,0.1,L,0.949990699,0.949990699
GBR,0.1,L,0.1,H,0.050009301,0.050009301
GBR,0.1,L,0.5,L,0,0
GBR,0.1,L,0.5,H,0,0
GBR,0.1,L,1,L,0,0
GBR,0.1,L,1,H,0,0
GRR,0.1,L,0.1,L,0.935829705,0.935829705
GRR,0.1,L,0.1,H,0.064170295,0.064170295
GRR,0.1,L,0.5,L,0,0
GRR,0.1,L,0.5,H,0,0
GRR,0.1,L,1,L,0,0
GRR,0.1,L,1,H,0,0
RPF,0.1,L,0.1,L,0.31035085,0.31035085
RPF,0.1,L,0.1,H,0.110003696,0.110003696
RPF,0.1,L,0.5,L,0.427956498,0.427956498
RPF,0.1,L,0.5,H,0.151688956,0.151688956
RPF,0.1,L,1,L,0,0
RPF,0.1,L,1,H,0,0
RRR,0.1,L,0.1,L,0.010345707,0.010345707
RRR,0.1,L,0.1,H,0.007308838,0.007308838
RRR,0.1,L,0.5,L,0.575662423,0.575662423
RRR,0.1,L,0.5,H,0.406683032,0.406683032
RRR,0.1,L,1,L,0,0
RRR,0.1,L,1,H,0,0
CRC,0.1,L,0.1,L,0.998777795,0.998777795
CRC,0.1,L,0.1,H,0.001222205,0.001222205
CRC,0.1,L,0.5,L,0,0
CRC,0.1,L,0.5,H,0,0
CRC,0.1,L,1,L,0,0
CRC,0.1,L,1,H,0,0
SRS,0.1,L,0.1,L,0.939963291,0.939963291
SRS,0.1,L,0.1,H,0.060036709,0.060036709
SRS,0.1,L,0.5,L,0,0
SRS,0.1,L,0.5,H,0,0
SRS,0.1,L,1,L,0,0
SRS,0.1,L,1,H,0,0
GRG,0.5,H,0.1,L,0.947050069,0.947050069
GRG,0.5,H,0.1,H,0.047459931,0.047459931
GRG,0.5,H,0.5,L,0.005228007,0.005228007
GRG,0.5,H,0.5,H,0.000261993,0.000261993
GRG,0.5,H,1,L,0,0
GRG,0.5,H,1,H,0,0
G+PF,0.5,H,0.1,L,0.975125919,0.975125919
G+PF,0.5,H,0.1,H,0.024874081,0.024874081
G+PF,0.5,H,0.5,L,0,0
G+PF,0.5,H,0.5,H,0,0
G+PF,0.5,H,1,L,0,0
G+PF,0.5,H,1,H,0,0
GPF,0.5,H,0.1,L,0.894533885,0.894533885
GPF,0.5,H,0.1,H,0.058813615,0.058813615
GPF,0.5,H,0.5,L,0.043774429,0.043774429
GPF,0.5,H,0.5,H,0.002878071,0.002878071
GPF,0.5,H,1,L,0,0
GPF,0.5,H,1,H,0,0
G+FF,0.5,H,0.1,L,0.932714013,0.932714013
G+FF,0.5,H,0.1,H,0.049230987,0.049230987
G+FF,0.5,H,0.5,L,0.017149791,0.017149791
G+FF,0.5,H,0.5,H,0.000905209,0.000905209
G+FF,0.5,H,1,L,0,0
G+FF,0.5,H,1,H,0,0
G+RR,0.5,H,0.1,L,0.368019881,0.368019881
G+RR,0.5,H,0.1,H,0.076265119,0.076265119
G+RR,0.5,H,0.5,L,0.460322018,0.460322018
G+RR,0.5,H,0.5,H,0.095392982,0.095392982
G+RR,0.5,H,1,L,0,0
G+RR,0.5,H,1,H,0,0
GFF,0.5,H,0.1,L,0.631442905,0.631442905
GFF,0.5,H,0.1,H,0.071474595,0.071474595
GFF,0.5,H,0.5,L,0.26687433,0.26687433
GFF,0.5,H,0.5,H,0.03020817,0.03020817
GFF,0.5,H,1,L,0,0
GFF,0.5,H,1,H,0,0
G+LR,0.5,H,0.1,L,0.608807927,0.608807927
G+LR,0.5,H,0.1,H,0.069839573,0.069839573
G+LR,0.5,H,0.5,L,0.288282134,0.288282134
G+LR,0.5,H,0.5,H,0.033070366,0.033070366
G+LR,0.5,H,1,L,0,0
G+LR,0.5,H,1,H,0,0
GLR,0.5,H,0.1,L,0.343944404,0.343944404
GLR,0.5,H,0.1,H,0.076058096,0.076058096
GLR,0.5,H,0.5,L,0.474965969,0.474965969
GLR,0.5,H,0.5,H,0.105031531,0.105031531
GLR,0.5,H,1,L,0,0
GLR,0.5,H,1,H,0,0
G+BR,0.5,H,0.1,L,0.557078043,0.557078043
G+BR,0.5,H,0.1,H,0.071469457,0.071469457
G+BR,0.5,H,0.5,L,0.32921622,0.32921622
G+BR,0.5,H,0.5,H,0.04223628,0.04223628
G+BR,0.5,H,1,L,0,0
G+BR,0.5,H,1,H,0,0
IRR,0.5,H,0.1,L,0.388850541,0.388850541
IRR,0.5,H,0.1,H,0.076064459,0.076064459
IRR,0.5,H,0.5,L,0.44754007,0.44754007
IRR,0.5,H,0.5,H,0.08754493,0.08754493
IRR,0.5,H,1,L,0,0
IRR,0.5,H,1,H,0,0
GBR,0.5,H,0.1,L,0.308656491,0.308656491
GBR,0.5,H,0.1,H,0.075571009,0.075571009
GBR,0.5,H,0.5,L,0.494660531,0.494660531
GBR,0.5,H,0.5,H,0.121111969,0.121111969
GBR,0.5,H,1,L,0,0
GBR,0.5,H,1,H,0,0
GRR,0.5,H,0.1,L,0.179276978,0.179276978
GRR,0.5,H,0.1,H,0.068648022,0.068648022
GRR,0.5,H,0.5,L,0.543832744,0.543832744
GRR,0.5,H,0.5,H,0.208242256,0.208242256
GRR,0.5,H,1,L,0,0
GRR,0.5,H,1,H,0,0
RPF,0.5,H,0.1,L,0,0
RPF,0.5,H,0.1,H,0,0
RPF,0.5,H,0.5,L,0.197445805,0.197445805
RPF,0.5,H,0.5,H,0.802549195,0.802549195
RPF,0.5,H,1,L,9.87E-07,9.87E-07
RPF,0.5,H,1,H,4.01E-06,4.01E-06
RRR,0.5,H,0.1,L,0,0
RRR,0.5,H,0.1,H,0,0
RRR,0.5,H,0.5,L,0.022996833,0.022996833
RRR,0.5,H,0.5,H,0.668110667,0.668110667
RRR,0.5,H,1,L,0.010278501,0.010278501
RRR,0.5,H,1,H,0.298613999,0.298613999
CRC,0.5,H,0.1,L,0.995995868,0.995995868
CRC,0.5,H,0.1,H,0.004004132,0.004004132
CRC,0.5,H,0.5,L,0,0
CRC,0.5,H,0.5,H,0,0
CRC,0.5,H,1,L,0,0
CRC,0.5,H,1,H,0,0
SRS,0.5,H,0.1,L,0.274011993,0.274011993
SRS,0.5,H,0.1,H,0.072613007,0.072613007
SRS,0.5,H,0.5,L,0.516502231,0.516502231
SRS,0.5,H,0.5,H,0.136872769,0.136872769
SRS,0.5,H,1,L,0,0
SRS,0.5,H,1,H,0,0
GRG,0.5,L,0.1,L,0.976371292,0.976371292
GRG,0.5,L,0.1,H,0.017881208,0.017881208
GRG,0.5,L,0.5,L,0.005644134,0.005644134
GRG,0.5,L,0.5,H,0.000103366,0.000103366
GRG,0.5,L,1,L,0,0
GRG,0.5,L,1,H,0,0
G+PF,0.5,L,0.1,L,0.991230174,0.991230174
G+PF,0.5,L,0.1,H,0.008764826,0.008764826
G+PF,0.5,L,0.5,L,4.96E-06,4.96E-06
G+PF,0.5,L,0.5,H,4.38E-08,4.38E-08
G+PF,0.5,L,1,L,0,0
G+PF,0.5,L,1,H,0,0
GPF,0.5,L,0.1,L,0.940010469,0.940010469
GPF,0.5,L,0.1,H,0.020899531,0.020899531
GPF,0.5,L,0.5,L,0.038239803,0.038239803
GPF,0.5,L,0.5,H,0.000850197,0.000850197
GPF,0.5,L,1,L,0,0
GPF,0.5,L,1,H,0,0
G+FF,0.5,L,0.1,L,0.968376531,0.968376531
G+FF,0.5,L,0.1,H,0.015750969,0.015750969
G+FF,0.5,L,0.5,L,0.015618461,0.015618461
G+FF,0.5,L,0.5,H,0.000254039,0.000254039
G+FF,0.5,L,1,L,0,0
G+FF,0.5,L,1,H,0,0
G+RR,0.5,L,0.1,L,0.499434598,0.499434598
G+RR,0.5,L,0.1,H,0.021597902,0.021597902
G+RR,0.5,L,0.5,L,0.459113281,0.459113281
G+RR,0.5,L,0.5,H,0.019854219,0.019854219
G+RR,0.5,L,1,L,0,0
G+RR,0.5,L,1,H,0,0
GFF,0.5,L,0.1,L,0.735782256,0.735782256
GFF,0.5,L,0.1,H,0.023750244,0.023750244
GFF,0.5,L,0.5,L,0.232948188,0.232948188
GFF,0.5,L,0.5,H,0.007519312,0.007519312
GFF,0.5,L,1,L,0,0
GFF,0.5,L,1,H,0,0
G+LR,0.5,L,0.1,L,0.714375279,0.714375279
G+LR,0.5,L,0.1,H,0.020749721,0.020749721
G+LR,0.5,L,0.5,L,0.257398608,0.257398608
G+LR,0.5,L,0.5,H,0.007476392,0.007476392
G+LR,0.5,L,1,L,0,0
G+LR,0.5,L,1,H,0,0
GLR,0.5,L,0.1,L,0.483327257,0.483327257
GLR,0.5,L,0.1,H,0.023962743,0.023962743
GLR,0.5,L,0.5,L,0.469435969,0.469435969
GLR,0.5,L,0.5,H,0.023274031,0.023274031
GLR,0.5,L,1,L,0,0
GLR,0.5,L,1,H,0,0
G+BR,0.5,L,0.1,L,0.670383625,0.670383625
G+BR,0.5,L,0.1,H,0.021051375,0.021051375
G+BR,0.5,L,0.5,L,0.299170455,0.299170455
G+BR,0.5,L,0.5,H,0.009394545,0.009394545
G+BR,0.5,L,1,L,0,0
G+BR,0.5,L,1,H,0,0
IRR,0.5,L,0.1,L,0.518190201,0.518190201
IRR,0.5,L,0.1,H,0.021392299,0.021392299
IRR,0.5,L,0.5,L,0.442163778,0.442163778
IRR,0.5,L,0.5,H,0.018253722,0.018253722
IRR,0.5,L,1,L,0,0
IRR,0.5,L,1,H,0,0
GBR,0.5,L,0.1,L,0.450882687,0.450882687
GBR,0.5,L,0.1,H,0.023792313,0.023792313
GBR,0.5,L,0.5,L,0.498993938,0.498993938
GBR,0.5,L,0.5,H,0.026331062,0.026331062
GBR,0.5,L,1,L,0,0
GBR,0.5,L,1,H,0,0
GRR,0.5,L,0.1,L,0.320250668,0.320250668
GRR,0.5,L,0.1,H,0.022034332,0.022034332
GRR,0.5,L,0.5,L,0.615375105,0.615375105
GRR,0.5,L,0.5,H,0.042339895,0.042339895
GRR,0.5,L,1,L,0,0
GRR,0.5,L,1,H,0,0
RPF,0.5,L,0.1,L,5.54E-06,5.54E-06
RPF,0.5,L,0.1,H,1.96E-06,1.96E-06
RPF,0.5,L,0.5,L,0.738061761,0.738061761
RPF,0.5,L,0.5,H,0.261930739,0.261930739
RPF,0.5,L,1,L,0,0
RPF,0.5,L,1,H,0,0
RRR,0.5,L,0.1,L,0,0
RRR,0.5,L,0.1,H,0,0
RRR,0.5,L,0.5,L,0.468012232,0.468012232
RRR,0.5,L,0.5,H,0.332092768,0.332092768
RRR,0.5,L,1,L,0.116926285,0.116926285
RRR,0.5,L,1,H,0.082968715,0.082968715
CRC,0.5,L,0.1,L,0.998833844,0.998833844
CRC,0.5,L,0.1,H,0.001166156,0.001166156
CRC,0.5,L,0.5,L,0,0
CRC,0.5,L,0.5,H,0,0
CRC,0.5,L,1,L,0,0
CRC,0.5,L,1,H,0,0
SRS,0.5,L,0.1,L,0.428385378,0.428385378
SRS,0.5,L,0.1,H,0.027372122,0.027372122
SRS,0.5,L,0.5,L,0.5115561,0.5115561
SRS,0.5,L,0.5,H,0.0326864,0.0326864
SRS,0.5,L,1,L,0,0
SRS,0.5,L,1,H,0,0
GRG,1,H,0.1,L,0.148746719,0.148746719
GRG,1,H,0.1,H,0.007509281,0.007509281
GRG,1,H,0.5,L,0.803195727,0.803195727
GRG,1,H,0.5,H,0.040548273,0.040548273
GRG,1,H,1,L,0,0
GRG,1,H,1,H,0,0
G+PF,1,H,0.1,L,0.433490682,0.433490682
G+PF,1,H,0.1,H,0.011183318,0.011183318
G+PF,1,H,0.5,L,0.541359842,0.541359842
G+PF,1,H,0.5,H,0.013966158,0.013966158
G+PF,1,H,1,L,0,0
G+PF,1,H,1,H,0,0
GPF,1,H,0.1,L,0.041872647,0.041872647
GPF,1,H,0.1,H,0.002771353,0.002771353
GPF,1,H,0.5,L,0.896050641,0.896050641
GPF,1,H,0.5,H,0.059305359,0.059305359
GPF,1,H,1,L,0,0
GPF,1,H,1,H,0,0
G+FF,1,H,0.1,L,0.077897426,0.077897426
G+FF,1,H,0.1,H,0.004144574,0.004144574
G+FF,1,H,0.5,L,0.871584863,0.871584863
G+FF,1,H,0.5,H,0.046373137,0.046373137
G+FF,1,H,1,L,0,0
G+FF,1,H,1,H,0,0
G+RR,1,H,0.1,L,0,0
G+RR,1,H,0.1,H,0,0
G+RR,1,H,0.5,L,0.827561793,0.827561793
G+RR,1,H,0.5,H,0.172438207,0.172438207
G+RR,1,H,1,L,0,0
G+RR,1,H,1,H,0,0
GFF,1,H,0.1,L,6.11E-05,6.11E-05
GFF,1,H,0.1,H,6.95E-06,6.95E-06
GFF,1,H,0.5,L,0.8977425,0.8977425
GFF,1,H,0.5,H,0.1021895,0.1021895
GFF,1,H,1,L,0,0
GFF,1,H,1,H,0,0
G+LR,1,H,0.1,L,7.17E-06,7.17E-06
G+LR,1,H,0.1,H,8.28E-07,8.28E-07
G+LR,1,H,0.5,L,0.896507243,0.896507243
G+LR,1,H,0.5,H,0.103484757,0.103484757
G+LR,1,H,1,L,0,0
G+LR,1,H,1,H,0,0
GLR,1,H,0.1,L,0,0
GLR,1,H,0.1,H,0,0
GLR,1,H,0.5,L,0.818190858,0.818190858
GLR,1,H,0.5,H,0.181809142,0.181809142
GLR,1,H,1,L,0,0
GLR,1,H,1,H,0,0
G+BR,1,H,0.1,L,0,0
G+BR,1,H,0.1,H,0,0
G+BR,1,H,0.5,L,0.885683051,0.885683051
G+BR,1,H,0.5,H,0.114316949,0.114316949
G+BR,1,H,1,L,0,0
G+BR,1,H,1,H,0,0
IRR,1,H,0.1,L,0,0
IRR,1,H,0.1,H,0,0
IRR,1,H,0.5,L,0.835624603,0.835624603
IRR,1,H,0.5,H,0.164375397,0.164375397
IRR,1,H,1,L,0,0
IRR,1,H,1,H,0,0
GBR,1,H,0.1,L,0,0
GBR,1,H,0.1,H,0,0
GBR,1,H,0.5,L,0.802562596,0.802562596
GBR,1,H,0.5,H,0.197435404,0.197435404
GBR,1,H,1,L,1.61E-06,1.61E-06
GBR,1,H,1,H,3.95E-07,3.95E-07
GRR,1,H,0.1,L,0,0
GRR,1,H,0.1,H,0,0
GRR,1,H,0.5,L,0.670882939,0.670882939
GRR,1,H,0.5,H,0.258035061,0.258035061
GRR,1,H,1,L,0.051336825,0.051336825
GRR,1,H,1,H,0.019745175,0.019745175
RPF,1,H,0.1,L,0,0
RPF,1,H,0.1,H,0,0
RPF,1,H,0.5,L,0.029609655,0.029609655
RPF,1,H,0.5,H,0.120352345,0.120352345
RPF,1,H,1,L,0.167838062,0.167838062
RPF,1,H,1,H,0.682199938,0.682199938
RRR,1,H,0.1,L,0,0
RRR,1,H,0.1,H,0,0
RRR,1,H,0.5,L,0,0
RRR,1,H,0.5,H,0,0
RRR,1,H,1,L,0.033305988,0.033305988
RRR,1,H,1,H,0.966694012,0.966694012
CRC,1,H,0.1,L,0.990785516,0.990785516
CRC,1,H,0.1,H,0.004164484,0.004164484
CRC,1,H,0.5,L,0.005028863,0.005028863
CRC,1,H,0.5,H,2.11E-05,2.11E-05
CRC,1,H,1,L,0,0
CRC,1,H,1,H,0,0
SRS,1,H,0.1,L,0,0
SRS,1,H,0.1,H,0,0
SRS,1,H,0.5,L,0.789887616,0.789887616
SRS,1,H,0.5,H,0.210112384,0.210112384
SRS,1,H,1,L,0,0
SRS,1,H,1,H,0,0
GRG,1,L,0.1,L,0.118223904,0.118223904
GRG,1,L,0.1,H,0.002158096,0.002158096
GRG,1,L,0.5,L,0.863849034,0.863849034
GRG,1,L,0.5,H,0.015768966,0.015768966
GRG,1,L,1,L,0,0
GRG,1,L,1,H,0,0
G+PF,1,L,0.1,L,0.335243995,0.335243995
G+PF,1,L,0.1,H,0.002950005,0.002950005
G+PF,1,L,0.5,L,0.656033186,0.656033186
G+PF,1,L,0.5,H,0.005772814,0.005772814
G+PF,1,L,1,L,0,0
G+PF,1,L,1,H,0,0
GPF,1,L,0.1,L,0.036558671,0.036558671
GPF,1,L,0.1,H,0.000811329,0.000811329
GPF,1,L,0.5,L,0.94173063,0.94173063
GPF,1,L,0.5,H,0.02089937,0.02089937
GPF,1,L,1,L,0,0
GPF,1,L,1,H,0,0
G+FF,1,L,0.1,L,0.069621846,0.069621846
G+FF,1,L,0.1,H,0.001132154,0.001132154
G+FF,1,L,0.5,L,0.914376884,0.914376884
G+FF,1,L,0.5,H,0.014869116,0.014869116
G+FF,1,L,1,L,0,0
G+FF,1,L,1,H,0,0
G+RR,1,L,0.1,L,0,0
G+RR,1,L,0.1,H,0,0
G+RR,1,L,0.5,L,0.958372116,0.958372116
G+RR,1,L,0.5,H,0.041627884,0.041627884
G+RR,1,L,1,L,0,0
G+RR,1,L,1,H,0,0
GFF,1,L,0.1,L,0.000116246,0.000116246
GFF,1,L,0.1,H,3.75E-06,3.75E-06
GFF,1,L,0.5,L,0.968599858,0.968599858
GFF,1,L,0.5,H,0.031280142,0.031280142
GFF,1,L,1,L,0,0
GFF,1,L,1,H,0,0
G+LR,1,L,0.1,L,1.36E-05,1.36E-05
G+LR,1,L,0.1,H,3.96E-07,3.96E-07
G+LR,1,L,0.5,L,0.97168531,0.97168531
G+LR,1,L,0.5,H,0.02830069,0.02830069
G+LR,1,L,1,L,0,0
G+LR,1,L,1,H,0,0
GLR,1,L,0.1,L,0,0
GLR,1,L,0.1,H,0,0
GLR,1,L,0.5,L,0.952641762,0.952641762
GLR,1,L,0.5,H,0.047358238,0.047358238
GLR,1,L,1,L,0,0
GLR,1,L,1,H,0,0
G+BR,1,L,0.1,L,1.94E-06,1.94E-06
G+BR,1,L,0.1,H,6.11E-08,6.11E-08
G+BR,1,L,0.5,L,0.969461272,0.969461272
G+BR,1,L,0.5,H,0.030536728,0.030536728
G+BR,1,L,1,L,0,0
G+BR,1,L,1,H,0,0
IRR,1,L,0.1,L,0,0
IRR,1,L,0.1,H,0,0
IRR,1,L,0.5,L,0.960184321,0.960184321
IRR,1,L,0.5,H,0.039815679,0.039815679
IRR,1,L,1,L,0,0
IRR,1,L,1,H,0,0
GBR,1,L,0.1,L,0,0
GBR,1,L,0.1,H,0,0
GBR,1,L,0.5,L,0.949726225,0.949726225
GBR,1,L,0.5,H,0.050265775,0.050265775
GBR,1,L,1,L,7.60E-06,7.60E-06
GBR,1,L,1,H,4.02E-07,4.02E-07
GRR,1,L,0.1,L,0,0
GRR,1,L,0.1,H,0,0
GRR,1,L,0.5,L,0.871694029,0.871694029
GRR,1,L,0.5,H,0.060229971,0.060229971
GRR,1,L,1,L,0.063676268,0.063676268
GRR,1,L,1,H,0.004399732,0.004399732
RPF,1,L,0.1,L,0,0
RPF,1,L,0.1,H,0,0
RPF,1,L,0.5,L,0.153257827,0.153257827
RPF,1,L,0.5,H,0.054474173,0.054474173
RPF,1,L,1,L,0.584509232,0.584509232
RPF,1,L,1,H,0.207758768,0.207758768
RRR,1,L,0.1,L,0,0
RRR,1,L,0.1,H,0,0
RRR,1,L,0.5,L,0,0
RRR,1,L,0.5,H,0,0
RRR,1,L,1,L,0.583600503,0.583600503
RRR,1,L,1,H,0.416399497,0.416399497
CRC,1,L,0.1,L,0.843354474,0.843354474
CRC,1,L,0.1,H,0.000925526,0.000925526
CRC,1,L,0.5,L,0.155549295,0.155549295
CRC,1,L,0.5,H,0.000170705,0.000170705
CRC,1,L,1,L,0,0
CRC,1,L,1,H,0,0
SRS,1,L,0.1,L,0,0
SRS,1,L,0.1,H,0,0
SRS,1,L,0.5,L,0.939914205,0.939914205
SRS,1,L,0.5,H,0.060085795,0.060085795
SRS,1,L,1,L,0,0
SRS,1,L,1,H,0,0
